START TRANSACTION;
DROP TABLE IF EXISTS tupa;
DROP TABLE IF EXISTS joukkueet;
DROP TABLE IF EXISTS rastit;
DROP TABLE IF EXISTS sarjat;
DROP TABLE IF EXISTS kilpailut;
DROP TABLE IF EXISTS admin;

CREATE TABLE admin (
   salasana VARCHAR(512) NOT NULL,
   id       INTEGER  NOT NULL PRIMARY KEY
);
INSERT INTO admin VALUES('8450eca01665516d9aeb5317764902b78495502637c96192c81b1683d32d691a0965cf037feca8b9ed9ee6fc6ab8f27fce8f77c4fd9b4a442a00fc317b8237e6', 179171);

CREATE TABLE kilpailut (
   id        INTEGER  NOT NULL PRIMARY KEY AUTO_INCREMENT,
   kisanimi      VARCHAR(128) NOT NULL,
   alkuaika  DATETIME  NOT NULL,
   loppuaika DATETIME  NOT NULL,
   kesto     INTEGER  NOT NULL CHECK( kesto > 0 ),
   CONSTRAINT kilpailu_alkuaika  CHECK( alkuaika < loppuaika),
   CONSTRAINT kilpailu_loppuaika   CHECK( loppuaika > alkuaika)
);

INSERT INTO kilpailut VALUES(77567,'Kintturogaining','2017-03-18 09:00:00','2017-03-18 20:00:00',1);
INSERT INTO kilpailut VALUES(961496,'Fillarirogaining','2016-05-08 09:00:00','2016-05-08 20:00:00',1);
INSERT INTO kilpailut VALUES(965416,'Jäärogaining','2015-03-15 09:00:00','2015-03-17 20:00:00',1);
INSERT INTO kilpailut VALUES(78232,'Hassurogaining','2019-02-18 09:00:00','2019-02-18 20:00:00',1);
INSERT INTO kilpailut VALUES(5,'Testirogaining','2016-01-01 09:00:00','2016-01-03 20:00:00',1);
INSERT INTO kilpailut VALUES(1298,'Jäärogaining','2016-03-15 09:00:00','2016-03-17 20:00:00',1);
INSERT INTO kilpailut VALUES(1,'Jäärogaining','2022-05-01 09:00:00','2022-05-01 20:00:00',1);

CREATE TABLE sarjat(
   id        INTEGER  NOT NULL PRIMARY KEY  AUTO_INCREMENT,
   sarjanimi      VARCHAR(16) NOT NULL,
   matka     VARCHAR(16) NOT NULL,
   alkuaika  DATETIME  NULL,
   loppuaika DATETIME  NULL,
   kesto     INTEGER  NOT NULL CHECK( kesto > 0 ),
   kilpailu  INTEGER  NOT NULL,
   CONSTRAINT sarja_alkuaika  CHECK( alkuaika < loppuaika),
   CONSTRAINT sarja_loppuaika CHECK( loppuaika > alkuaika),
   CONSTRAINT sarjat_kilpailu
	FOREIGN KEY (kilpailu)
	REFERENCES kilpailut (id)
		ON DELETE NO ACTION
		ON UPDATE CASCADE
);


INSERT INTO sarjat VALUES(519620,'8 h','-',NULL,NULL,8,77567);
INSERT INTO sarjat VALUES(604902,'4 h','-',NULL,NULL,4,965416);
INSERT INTO sarjat VALUES(610144,'8 h','-',NULL,NULL,8,965416);
INSERT INTO sarjat VALUES(882960,'2 h','-',NULL,NULL,2,965416);
INSERT INTO sarjat VALUES(66,'testi','-',NULL,NULL,8,5);
INSERT INTO sarjat VALUES(885,'2 h','-',NULL,NULL,2,1298);
INSERT INTO sarjat VALUES(886,'4 h','-',NULL,NULL,4,1298);
INSERT INTO sarjat VALUES(887,'8 h','-',NULL,NULL,8,1298);
INSERT INTO sarjat VALUES(1000,'Pelleily','-',NULL,NULL,8,78232);
CREATE TABLE rastit(
   id       INTEGER NOT NULL PRIMARY KEY  AUTO_INCREMENT,
   koodi    VARCHAR(24) NOT NULL,
   lon      NUMERIC(9,6) NOT NULL,
   lat      NUMERIC(9,6) NOT NULL,
   kilpailu INTEGER  NOT NULL,
   CONSTRAINT rastit_kilpailu
	FOREIGN KEY (kilpailu)
	REFERENCES kilpailut (id)
		ON DELETE NO ACTION
		ON UPDATE CASCADE
);
INSERT INTO rastit VALUES(44748,'85',25.518665,62.110562,965416);
INSERT INTO rastit VALUES(47624,'64',25.628236,62.095187,965416);
INSERT INTO rastit VALUES(61652,'63',25.618079,62.148123,965416);
INSERT INTO rastit VALUES(68242,'91',25.714338,62.112172,965416);
INSERT INTO rastit VALUES(68817,'77',25.565572,62.101185,965416);
INSERT INTO rastit VALUES(70583,'38',25.513792,62.147825,965416);
INSERT INTO rastit VALUES(107633,'Tuntematon',25.666688,62.13028,965416);
INSERT INTO rastit VALUES(112797,'84',25.661916,62.094023,965416);
INSERT INTO rastit VALUES(126163,'5E',25.563169,62.147942,965416);
INSERT INTO rastit VALUES(141900,'86',25.576022,62.149229,965416);
INSERT INTO rastit VALUES(157681,'5F',25.674748,62.127514,965416);
INSERT INTO rastit VALUES(168946,'56',25.691051,62.098636,965416);
INSERT INTO rastit VALUES(176469,'68',25.597308,62.149572,965416);
INSERT INTO rastit VALUES(190028,'58',25.704639,62.126591,965416);
INSERT INTO rastit VALUES(201053,'47',25.586932,62.100104,965416);
INSERT INTO rastit VALUES(203585,'6A',25.718473,62.141674,965416);
INSERT INTO rastit VALUES(204030,'61',25.531926,62.147942,965416);
INSERT INTO rastit VALUES(207151,'7B',25.750133,62.126639,965416);
INSERT INTO rastit VALUES(216059,'55',25.606234,62.093203,965416);
INSERT INTO rastit VALUES(227115,'32',25.694017,62.144101,965416);
INSERT INTO rastit VALUES(248133,'90',25.63595,62.10393,965416);
INSERT INTO rastit VALUES(257972,'57',25.523811,62.135094,965416);
INSERT INTO rastit VALUES(259460,'39',25.524245,62.118778,965416);
INSERT INTO rastit VALUES(275360,'6C',25.687644,62.10758,965416);
INSERT INTO rastit VALUES(277412,'74',25.52873,62.153364,965416);
INSERT INTO rastit VALUES(282269,'7D',25.686679,62.081466,965416);
INSERT INTO rastit VALUES(289498,'95',25.57761,62.132964,965416);
INSERT INTO rastit VALUES(296628,'67',25.535011,62.139918,965416);
INSERT INTO rastit VALUES(300355,'51',25.558017,62.125561,965416);
INSERT INTO rastit VALUES(306024,'36',25.724837,62.128162,965416);
INSERT INTO rastit VALUES(309098,'60',25.644512,62.11183,965416);
INSERT INTO rastit VALUES(324501,'7C',25.56252,62.138397,965416);
INSERT INTO rastit VALUES(330173,'59',25.503483,62.115914,965416);
INSERT INTO rastit VALUES(358431,'66',25.542413,62.120776,965416);
INSERT INTO rastit VALUES(361455,'5C',25.652877,62.089674,965416);
INSERT INTO rastit VALUES(368748,'78',25.553191,62.111294,965416);
INSERT INTO rastit VALUES(381150,'46',25.50711,62.15146,965416);
INSERT INTO rastit VALUES(399755,'37',25.628228,62.11906,965416);
INSERT INTO rastit VALUES(402636,'34',25.573049,62.122986,965416);
INSERT INTO rastit VALUES(407948,'54',25.589347,62.108717,965416);
INSERT INTO rastit VALUES(409078,'6F',25.509358,62.141243,965416);
INSERT INTO rastit VALUES(418872,'5A',25.673997,62.102194,965416);
INSERT INTO rastit VALUES(449601,'81',25.668757,62.113906,965416);
INSERT INTO rastit VALUES(450011,'5B',25.718561,62.118784,965416);
INSERT INTO rastit VALUES(451379,'93',25.519131,62.156431,965416);
INSERT INTO rastit VALUES(451805,'LAHTO',25.666688,62.13028,965416);
INSERT INTO rastit VALUES(452916,'75',25.694911,62.117266,965416);
INSERT INTO rastit VALUES(458786,'70',25.605762,62.134681,965416);
INSERT INTO rastit VALUES(464691,'7A',25.682473,62.134123,965416);
INSERT INTO rastit VALUES(465350,'48',25.544984,62.099795,965416);
INSERT INTO rastit VALUES(467748,'82',25.597278,62.127323,965416);
INSERT INTO rastit VALUES(478199,'45',25.569589,62.115924,965416);
INSERT INTO rastit VALUES(482385,'6E',25.647515,62.09468,965416);
INSERT INTO rastit VALUES(487666,'76',25.590916,62.142319,965416);
INSERT INTO rastit VALUES(493023,'72',25.645642,62.146315,965416);
INSERT INTO rastit VALUES(501207,'69',25.615203,62.115047,965416);
INSERT INTO rastit VALUES(546594,'42',25.733259,62.078212,965416);
INSERT INTO rastit VALUES(553807,'50',25.628636,62.141654,965416);
INSERT INTO rastit VALUES(561543,'79',25.695688,62.086189,965416);
INSERT INTO rastit VALUES(572809,'43',25.61344,62.107914,965416);
INSERT INTO rastit VALUES(578066,'44',25.626533,62.129767,965416);
INSERT INTO rastit VALUES(598957,'5D',25.531059,62.123662,965416);
INSERT INTO rastit VALUES(610865,'31',25.737019,62.133029,965416);
INSERT INTO rastit VALUES(644521,'73',25.522034,62.099512,965416);
INSERT INTO rastit VALUES(663085,'96',25.680401,62.091567,965416);
INSERT INTO rastit VALUES(675139,'MAALI',25.669574,62.131769,965416);
INSERT INTO rastit VALUES(687183,'71',25.716227,62.093545,965416);
INSERT INTO rastit VALUES(698440,'35',25.648821,62.140919,965416);
INSERT INTO rastit VALUES(731288,'53',25.498431,62.13232,965416);
INSERT INTO rastit VALUES(750942,'62',25.732937,62.095246,965416);
INSERT INTO rastit VALUES(805426,'41',25.668097,62.136462,965416);
INSERT INTO rastit VALUES(805541,'88',25.526039,62.142258,965416);
INSERT INTO rastit VALUES(810855,'94',25.649234,62.124222,965416);
INSERT INTO rastit VALUES(826526,'7E',25.540316,62.131251,965416);
INSERT INTO rastit VALUES(844817,'98',25.650436,62.131207,965416);
INSERT INTO rastit VALUES(849643,'52',25.599044,62.120424,965416);
INSERT INTO rastit VALUES(851732,'65',25.743788,62.115241,965416);
INSERT INTO rastit VALUES(858785,'83',25.665822,62.147298,965416);
INSERT INTO rastit VALUES(867508,'97',25.671071,62.087827,965416);
INSERT INTO rastit VALUES(875640,'6D',25.496872,62.156532,965416);
INSERT INTO rastit VALUES(898296,'6B',25.49602,62.125632,965416);
INSERT INTO rastit VALUES(935138,'49',25.678314,62.121247,965416);
INSERT INTO rastit VALUES(950409,'99',25.729848,62.088183,965416);
INSERT INTO rastit VALUES(957829,'92',25.493141,62.144852,965416);
INSERT INTO rastit VALUES(963602,'80',25.728135,62.100413,965416);
INSERT INTO rastit VALUES(972355,'40',25.540227,62.153864,965416);
INSERT INTO rastit VALUES(985198,'89',25.7288,62.109962,965416);
INSERT INTO rastit VALUES(990209,'33',25.560594,62.153435,965416);
INSERT INTO rastit VALUES(55,'65',25.743788,62.115241,1298);
INSERT INTO rastit VALUES(56,'83',25.665822,62.147298,1298);
INSERT INTO rastit VALUES(57,'97',25.671071,62.087827,1298);
INSERT INTO rastit VALUES(1,'6D',25.496872,62.156532,5);
INSERT INTO rastit VALUES(2,'6B',25.49602,62.125632,5);
INSERT INTO rastit VALUES(3,'49',25.678314,62.121247,5);
INSERT INTO rastit VALUES(4,'99',25.729848,62.088183,5);
INSERT INTO rastit VALUES(5,'92',25.493141,62.144852,1298);
INSERT INTO rastit VALUES(6,'80',25.728135,62.100413,5);
INSERT INTO rastit VALUES(7,'40',25.540227,62.153864,5);
INSERT INTO rastit VALUES(8,'89',25.7288,62.109962,5);
INSERT INTO rastit VALUES(100,'33',25.560594,62.153435,5);

CREATE TABLE joukkueet(
  id    INTEGER  NOT NULL PRIMARY KEY  AUTO_INCREMENT,
  joukkuenimi  VARCHAR(128) NOT NULL,
  salasana VARCHAR(512) NULL,
  sarja INTEGER  NOT NULL,
  jasenet VARCHAR(2048)  DEFAULT '[]',
  CONSTRAINT joukkueet_unique
   UNIQUE ( joukkuenimi, sarja ),
  CONSTRAINT joukkueet_sarja
	FOREIGN KEY (sarja)
	REFERENCES sarjat (id)
		ON DELETE NO ACTION
		ON UPDATE CASCADE
);
INSERT INTO joukkueet VALUES(114406,'Tollot','2d90c1f0e0209033b000585b2b391df56f06bcb4cfed53998b2a0c953c9405b19ba3579f497393de88f206b2b1345ff0dda088cbee0d4d905a2b129b53bdfbdf',610144,'["Juju", "Tappi"]');
INSERT INTO joukkueet VALUES(179170,'Kahden joukkue','86d2adaf72a689e31e972b469b9bd2f2c6f2112cadc73b0ae70d8ffd0a6df6b12b5a0968f6940bf8a0eec53fd1b96d8a5c5a2ec0ec1c9d31376eccf974c46d16',610144,'["Matti Humppa", "Miikka Talvinen"]');
INSERT INTO joukkueet VALUES(196215,'Siskokset','456baa0ca41db85f47516b22b464fac0e7500c8f21532bef24c6b114b80f95bfad3e9c4352d0803abf92c077722094927a4104b64de02be4ac1964d154185f8a',610144,'["Sanna Haavikko", "Seija Kallio"]');
INSERT INTO joukkueet VALUES(198904,'Kaakelin putsaajat','95f1aa96feaf1025cc0cb763bd51412068fb9ed36482c52ddb7539c1d3c6a4a0fee4e32e5f189e9ac560d90ed5965fe716c5d02a2651a56d26824e9a27746b17',610144,'["Jaana Kaajanen", "Mikko Kaajanen", "Timo Ruonanen"]');
INSERT INTO joukkueet VALUES(216429,'Hullut fillaristit','9a899f5febf4a15bccb441a72b05b24100c1b935845030cf4a1d5d0505574500b61e1d7a5e1984ce4fd89d234d1771a035a0cd9e0b6df2209529645f7f609171',882960,'["Hannele Saari", "Paula Kujala"]');
INSERT INTO joukkueet VALUES(254485,'Mudan Ystävät','ca2b57b324e22b5f9d97099c59243a96965cbfe4ebd54dd34e6ab668d7501af45253a071656a3d97aebe7002bf62671e2e1054d01e47299ec0749be1a9600ce0',610144,'["Kaija Kinnunen", "Teija Kinnunen"]');
INSERT INTO joukkueet VALUES(263305,'Rennot 2','be694780838c0d9f7addd7b45895bbf588ad1a7d1522629eb2dc7809b9c0391e203ef7e28db7b341f61d9daf9268bde6edda4aaa6569ff46538ff233b8ce84cc',604902,'["Heikki Häkkinen", "Pia Virtanen", "Sari Maaninka"]');
INSERT INTO joukkueet VALUES(296671,'Retkellä v 13','fe2e9fb180c80631cc1ed8e8b1df5fbba2cbdcaebb0a9e35d0b3abb0870240d576480ddaa2a702be498044368e159c83d38180e9f0c16e0084a06c0e4a8f9654',604902,'["Henna Venäläinen", "Katja Vitikka"]');
INSERT INTO joukkueet VALUES(304581,'Tähdenlento','330b4377a32fdb6590c6fe0fa83a87fadb5a134d32bd7e34fd1f61f3aac4ce1f3baec0a1a7d7a238a9219114a75ef5e99d68469110491e2edc5fdf2607f714d6',604902,'["Anu", "Virva"]');
INSERT INTO joukkueet VALUES(358042,'Vapaat','dc7f061a4f372b55edbb02dfb4270fe7d0c4d42e610078110ea1e3591ac338691023084296650fecf1ec9343682a4cdd13369057a53fb01512bbeb7be5380edf',604902,'["Juha Vapaa", "Matti Vapaa"]');
INSERT INTO joukkueet VALUES(461440,'Tähdenlento','0ec7b48e5497d2839db37ef55df075d201bb4e3664e73b308314b0f6756168d6954844fd4ba670cb2b91a91e84015b5e2dac838c388023e1cbb53afd0d7ed477',519620,'["Anu", "Virva"]');
INSERT INTO joukkueet VALUES(498824,'Onnenonkijat','03f24b32587ce397c07ae224740e9ee9e6a2cb63b597c30a4f760140812daca4df29dfe6d4ec41f43fb4b4c2a820f3d75ccbf0de0d191d7d97725dea45d197cf',610144,'["Antero Paununen", "Pekka Paununen", "Raimo Laine"]');
INSERT INTO joukkueet VALUES(501278,'vara 3','a56e6a598e35d82761d5c1f34f64cb46ca97490a8c1914be895c6107ccd45c61d98bae9e313561032e33a4c8bfe80a55126ba661531531515a8e98dba51a7789',610144,'["barbar"]');
INSERT INTO joukkueet VALUES(545563,'RogRog','22e2635ba74bb4c286b65016f86d7a7c3574d3340e4191d71406e0a008145fdaadc0d4aac401c07fd64d95b2edeb84de3c39958d8bf9770ffc79e15e128029d3',610144,'["Antti Kaakkuri", "Mikko Meikäläinen", "Pekka Kosonen", "Samuli Paavola"]');
INSERT INTO joukkueet VALUES(584788,'Vara 2','885c0dc8421da78fb36807f26f2baed0532a7a9aa9a6300634e76f87c4c08d43e3925af7d0dd02eb218ab4711806443bdc068f5c6e1e87c145dcfdee9c648308',610144,'[]');
INSERT INTO joukkueet VALUES(666263,'Sopupeli','4229eddd3063a52c93c8d1a45e27ecc76c2a81066b3d434e3b201e469e12240151792a73634254e7b29054e3214b011db2a00953056d8107fa0903e73d5ee267',610144,'["Antti Haukio", "Janne Hautanen", "Taina Pekkanen", "Venla Kujala"]');
INSERT INTO joukkueet VALUES(702742,'retkellä v 13','ad6e389b8b585965a7bbeffafac937c0ae7acac6da917bb18f58b0558d2090f81e5c274d18490dc22402280f6c6ac7c95184233c28424cd77b1793360ba63ae7',519620,'["Henna Venäläinen", "Katja Vitikka"]');
INSERT INTO joukkueet VALUES(715949,'Kotilot','09258643994d54b90f72360cc0c923ed180fea235d78125852dc1b1c25e7ff85da32611d65512cfcbda122481973d753d3288b013c4c0b72d6197cdc7692d5b5',882960,'["Jaana Meikäläinen", "Kaisa Konttinen", "Maija Meikäläinen", "Niina Salonen"]');
INSERT INTO joukkueet VALUES(730129,'susi jo syntyessään','46bddac5448a3e047e6727cd0e77c02ec9fb50d3a6ce249511c0a4e92edf4b317bdb02a6a0b449bfa1c669a9de41a559c34d15a9e09c194b266a9e61ca4db83e',610144,'["Janne Pannunen", "Riku Aarnio"]');
INSERT INTO joukkueet VALUES(805774,'Rennot 1','9345714ba8e1efccb3aa24d9ebd10530cd060b82f495526c44848413a3d5935536b5c258c82b2461c84d66e73d69e058d383c39d61eb8faa5609d7aee47f0db4',610144,'["Anja Huttunen", "Siru Kananen"]');
INSERT INTO joukkueet VALUES(848530,'Toipilas','5eb1ecdfa1007cc91da76f57cf5ec7fe5e1acf6f15728b4be6c00502e115f5d24b7824bf2defdbaed7fbbe7b5682093d16cf0857c533d87ce4c16abeeb639f25',610144,'["Leena Annila", "Satu Lehtonen"]');
INSERT INTO joukkueet VALUES(904739,'Pelättimet','5e3cd840032284237e3b66512bbaa04543fc422610ef0e8cf6204031c320797a5de29d0a8576cf717e1490784acdd79a286656a6f08d4755147aa90abd6ed267',604902,'["Kari Vaara", "Katja Vaara"]');
INSERT INTO joukkueet VALUES(929129,'Vara 1','32af3b7448d0acc3586ce04de1921a75d65d445203717c9c47a76c362565560484552e6dc2d56ab8463166eb78201d95d3ec18226743da745465d0ad6f633288',610144,'[]');
INSERT INTO joukkueet VALUES(943583,'Vara 4','a7b4eeb8e6e616942a31d404ae138a8bfea31ea52fba62e4eef2f8d010a7f6f2494f1a30953700120aba7fdfc32e92ee1713f2ba11af4d2e820b21fdf4c9f0c3',610144,'[]');
INSERT INTO joukkueet VALUES(946981,'Dynamic Duo','7af2c6fdd5c8a05bfb2417675133760b5d641661967b3a331635d58e32ec0c0a81ffdbd079ae60d2f5d6ab448208ed4b0b9b3d005a7e31edd774c39a3d7346ba',610144,'["Karhusolan Rentukka", "Kutajoen Tiukunen"]');

CREATE TABLE tupa(
   aika    DATETIME  NOT NULL,
   rasti   INTEGER  NOT NULL,
   joukkue INTEGER  NOT NULL,
   CONSTRAINT tupa_PK
      PRIMARY KEY(aika,rasti,joukkue),
   CONSTRAINT tupa_rasti
	FOREIGN KEY (rasti)
	REFERENCES rastit (id)
		ON DELETE NO ACTION
		ON UPDATE CASCADE,
   CONSTRAINT tupa_joukkue
	FOREIGN KEY (joukkue)
	REFERENCES joukkueet (id)
		ON DELETE NO ACTION
		ON UPDATE CASCADE
);
INSERT INTO tupa VALUES('2017-03-18 11:56:54',451805,498824);
INSERT INTO tupa VALUES('2017-03-18 12:00:00',451805,114406);
INSERT INTO tupa VALUES('2017-03-18 12:00:00',451805,179170);
INSERT INTO tupa VALUES('2017-03-18 12:00:00',451805,196215);
INSERT INTO tupa VALUES('2017-03-18 12:00:00',451805,198904);
INSERT INTO tupa VALUES('2017-03-18 12:00:00',451805,254485);
INSERT INTO tupa VALUES('2017-03-18 12:00:00',451805,263305);
INSERT INTO tupa VALUES('2017-03-18 12:00:00',451805,358042);
INSERT INTO tupa VALUES('2017-03-18 12:00:00',451805,498824);
INSERT INTO tupa VALUES('2017-03-18 12:00:00',451805,545563);
INSERT INTO tupa VALUES('2017-03-18 12:00:00',451805,715949);
INSERT INTO tupa VALUES('2017-03-18 12:00:00',451805,730129);
INSERT INTO tupa VALUES('2017-03-18 12:00:00',451805,805774);
INSERT INTO tupa VALUES('2017-03-18 12:00:00',451805,904739);
INSERT INTO tupa VALUES('2017-03-18 12:00:00',451805,946981);
INSERT INTO tupa VALUES('2017-03-18 12:00:35',107633,848530);
INSERT INTO tupa VALUES('2017-03-18 12:01:46',107633,848530);
INSERT INTO tupa VALUES('2017-03-18 12:02:14',451805,848530);
INSERT INTO tupa VALUES('2017-03-18 12:04:26',157681,179170);
INSERT INTO tupa VALUES('2017-03-18 12:06:42',805426,358042);
INSERT INTO tupa VALUES('2017-03-18 12:08:48',844817,198904);
INSERT INTO tupa VALUES('2017-03-18 12:10:27',935138,179170);
INSERT INTO tupa VALUES('2017-03-18 12:11:14',844817,498824);
INSERT INTO tupa VALUES('2017-03-18 12:11:15',844817,498824);
INSERT INTO tupa VALUES('2017-03-18 12:11:25',844817,545563);
INSERT INTO tupa VALUES('2017-03-18 12:12:18',844817,904739);
INSERT INTO tupa VALUES('2017-03-18 12:12:46',844817,946981);
INSERT INTO tupa VALUES('2017-03-18 12:13:24',844817,730129);
INSERT INTO tupa VALUES('2017-03-18 12:13:48',844817,196215);
INSERT INTO tupa VALUES('2017-03-18 12:14:07',844817,196215);
INSERT INTO tupa VALUES('2017-03-18 12:14:20',844817,715949);
INSERT INTO tupa VALUES('2017-03-18 12:14:37',449601,805774);
INSERT INTO tupa VALUES('2017-03-18 12:15:53',844817,848530);
INSERT INTO tupa VALUES('2017-03-18 12:16:04',844817,114406);
INSERT INTO tupa VALUES('2017-03-18 12:16:30',810855,198904);
INSERT INTO tupa VALUES('2017-03-18 12:18:30',810855,254485);
INSERT INTO tupa VALUES('2017-03-18 12:19:31',844817,358042);
INSERT INTO tupa VALUES('2017-03-18 12:19:41',157681,263305);
INSERT INTO tupa VALUES('2017-03-18 12:19:47',844817,358042);
INSERT INTO tupa VALUES('2017-03-18 12:19:51',157681,263305);
INSERT INTO tupa VALUES('2017-03-18 12:20:59',449601,179170);
INSERT INTO tupa VALUES('2017-03-18 12:21:22',107633,179170);
INSERT INTO tupa VALUES('2017-03-18 12:21:41',810855,545563);
INSERT INTO tupa VALUES('2017-03-18 12:22:06',399755,198904);
INSERT INTO tupa VALUES('2017-03-18 12:22:22',810855,904739);
INSERT INTO tupa VALUES('2017-03-18 12:23:54',578066,498824);
INSERT INTO tupa VALUES('2017-03-18 12:23:57',578066,498824);
INSERT INTO tupa VALUES('2017-03-18 12:25:21',451805,296671);
INSERT INTO tupa VALUES('2017-03-18 12:26:20',844817,715949);
INSERT INTO tupa VALUES('2017-03-18 12:26:45',810855,715949);
INSERT INTO tupa VALUES('2017-03-18 12:26:59',501207,198904);
INSERT INTO tupa VALUES('2017-03-18 12:27:40',810855,196215);
INSERT INTO tupa VALUES('2017-03-18 12:28:18',107633,196215);
INSERT INTO tupa VALUES('2017-03-18 12:28:26',107633,730129);
INSERT INTO tupa VALUES('2017-03-18 12:28:33',810855,114406);
INSERT INTO tupa VALUES('2017-03-18 12:29:01',107633,196215);
INSERT INTO tupa VALUES('2017-03-18 12:29:16',107633,730129);
INSERT INTO tupa VALUES('2017-03-18 12:30:52',810855,730129);
INSERT INTO tupa VALUES('2017-03-18 12:32:22',810855,358042);
INSERT INTO tupa VALUES('2017-03-18 12:32:32',844817,254485);
INSERT INTO tupa VALUES('2017-03-18 12:33:27',107633,946981);
INSERT INTO tupa VALUES('2017-03-18 12:33:39',458786,498824);
INSERT INTO tupa VALUES('2017-03-18 12:33:51',458786,498824);
INSERT INTO tupa VALUES('2017-03-18 12:33:52',452916,179170);
INSERT INTO tupa VALUES('2017-03-18 12:34:00',107633,946981);
INSERT INTO tupa VALUES('2017-03-18 12:34:24',107633,198904);
INSERT INTO tupa VALUES('2017-03-18 12:34:25',107633,946981);
INSERT INTO tupa VALUES('2017-03-18 12:34:44',107633,946981);
INSERT INTO tupa VALUES('2017-03-18 12:35:08',107633,848530);
INSERT INTO tupa VALUES('2017-03-18 12:35:24',399755,545563);
INSERT INTO tupa VALUES('2017-03-18 12:35:48',107633,805774);
INSERT INTO tupa VALUES('2017-03-18 12:35:52',399755,114406);
INSERT INTO tupa VALUES('2017-03-18 12:35:54',107633,198904);
INSERT INTO tupa VALUES('2017-03-18 12:35:59',399755,946981);
INSERT INTO tupa VALUES('2017-03-18 12:36:03',107633,848530);
INSERT INTO tupa VALUES('2017-03-18 12:36:18',107633,848530);
INSERT INTO tupa VALUES('2017-03-18 12:36:22',107633,805774);
INSERT INTO tupa VALUES('2017-03-18 12:36:30',107633,263305);
INSERT INTO tupa VALUES('2017-03-18 12:36:41',578066,848530);
INSERT INTO tupa VALUES('2017-03-18 12:36:56',107633,263305);
INSERT INTO tupa VALUES('2017-03-18 12:37:09',935138,263305);
INSERT INTO tupa VALUES('2017-03-18 12:37:11',309098,805774);
INSERT INTO tupa VALUES('2017-03-18 12:37:27',935138,263305);
INSERT INTO tupa VALUES('2017-03-18 12:38:26',107633,715949);
INSERT INTO tupa VALUES('2017-03-18 12:38:47',107633,715949);
INSERT INTO tupa VALUES('2017-03-18 12:38:56',399755,715949);
INSERT INTO tupa VALUES('2017-03-18 12:38:58',107633,730129);
INSERT INTO tupa VALUES('2017-03-18 12:39:01',309098,904739);
INSERT INTO tupa VALUES('2017-03-18 12:39:03',399755,730129);
INSERT INTO tupa VALUES('2017-03-18 12:39:13',107633,198904);
INSERT INTO tupa VALUES('2017-03-18 12:40:24',399755,358042);
INSERT INTO tupa VALUES('2017-03-18 12:40:32',501207,114406);
INSERT INTO tupa VALUES('2017-03-18 12:40:34',501207,545563);
INSERT INTO tupa VALUES('2017-03-18 12:41:28',844817,296671);
INSERT INTO tupa VALUES('2017-03-18 12:41:35',501207,946981);
INSERT INTO tupa VALUES('2017-03-18 12:42:22',107633,498824);
INSERT INTO tupa VALUES('2017-03-18 12:42:56',107633,805774);
INSERT INTO tupa VALUES('2017-03-18 12:43:49',107633,730129);
INSERT INTO tupa VALUES('2017-03-18 12:44:18',501207,730129);
INSERT INTO tupa VALUES('2017-03-18 12:45:00',107633,498824);
INSERT INTO tupa VALUES('2017-03-18 12:45:05',107633,498824);
INSERT INTO tupa VALUES('2017-03-18 12:45:08',107633,114406);
INSERT INTO tupa VALUES('2017-03-18 12:45:36',501207,358042);
INSERT INTO tupa VALUES('2017-03-18 12:45:42',107633,545563);
INSERT INTO tupa VALUES('2017-03-18 12:45:56',107633,114406);
INSERT INTO tupa VALUES('2017-03-18 12:46:01',107633,946981);
INSERT INTO tupa VALUES('2017-03-18 12:46:18',107633,946981);
INSERT INTO tupa VALUES('2017-03-18 12:46:32',501207,715949);
INSERT INTO tupa VALUES('2017-03-18 12:46:34',107633,946981);
INSERT INTO tupa VALUES('2017-03-18 12:46:46',107633,946981);
INSERT INTO tupa VALUES('2017-03-18 12:46:55',407948,198904);
INSERT INTO tupa VALUES('2017-03-18 12:47:03',107633,946981);
INSERT INTO tupa VALUES('2017-03-18 12:47:08',107633,114406);
INSERT INTO tupa VALUES('2017-03-18 12:47:14',107633,545563);
INSERT INTO tupa VALUES('2017-03-18 12:47:17',107633,946981);
INSERT INTO tupa VALUES('2017-03-18 12:47:32',107633,946981);
INSERT INTO tupa VALUES('2017-03-18 12:47:50',107633,946981);
INSERT INTO tupa VALUES('2017-03-18 12:48:00',458786,848530);
INSERT INTO tupa VALUES('2017-03-18 12:48:01',107633,946981);
INSERT INTO tupa VALUES('2017-03-18 12:48:16',107633,545563);
INSERT INTO tupa VALUES('2017-03-18 12:48:18',107633,946981);
INSERT INTO tupa VALUES('2017-03-18 12:48:20',107633,114406);
INSERT INTO tupa VALUES('2017-03-18 12:48:28',107633,498824);
INSERT INTO tupa VALUES('2017-03-18 12:48:29',107633,946981);
INSERT INTO tupa VALUES('2017-03-18 12:48:33',107633,730129);
INSERT INTO tupa VALUES('2017-03-18 12:48:41',107633,946981);
INSERT INTO tupa VALUES('2017-03-18 12:48:58',107633,946981);
INSERT INTO tupa VALUES('2017-03-18 12:49:06',467748,498824);
INSERT INTO tupa VALUES('2017-03-18 12:49:14',107633,946981);
INSERT INTO tupa VALUES('2017-03-18 12:49:15',107633,114406);
INSERT INTO tupa VALUES('2017-03-18 12:49:18',107633,545563);
INSERT INTO tupa VALUES('2017-03-18 12:49:22',248133,805774);
INSERT INTO tupa VALUES('2017-03-18 12:49:24',107633,730129);
INSERT INTO tupa VALUES('2017-03-18 12:49:24',467748,498824);
INSERT INTO tupa VALUES('2017-03-18 12:49:25',248133,904739);
INSERT INTO tupa VALUES('2017-03-18 12:49:37',107633,946981);
INSERT INTO tupa VALUES('2017-03-18 12:49:52',107633,946981);
INSERT INTO tupa VALUES('2017-03-18 12:50:00',107633,730129);
INSERT INTO tupa VALUES('2017-03-18 12:50:06',107633,946981);
INSERT INTO tupa VALUES('2017-03-18 12:50:13',572809,946981);
INSERT INTO tupa VALUES('2017-03-18 12:50:28',107633,114406);
INSERT INTO tupa VALUES('2017-03-18 12:50:50',107633,730129);
INSERT INTO tupa VALUES('2017-03-18 12:50:57',68242,179170);
INSERT INTO tupa VALUES('2017-03-18 12:51:03',107633,114406);
INSERT INTO tupa VALUES('2017-03-18 12:51:21',107633,114406);
INSERT INTO tupa VALUES('2017-03-18 12:51:37',107633,114406);
INSERT INTO tupa VALUES('2017-03-18 12:51:37',107633,730129);
INSERT INTO tupa VALUES('2017-03-18 12:51:45',107633,263305);
INSERT INTO tupa VALUES('2017-03-18 12:51:46',107633,545563);
INSERT INTO tupa VALUES('2017-03-18 12:51:48',107633,114406);
INSERT INTO tupa VALUES('2017-03-18 12:51:57',572809,730129);
INSERT INTO tupa VALUES('2017-03-18 12:52:02',107633,114406);
INSERT INTO tupa VALUES('2017-03-18 12:52:37',107633,114406);
INSERT INTO tupa VALUES('2017-03-18 12:52:47',849643,545563);
INSERT INTO tupa VALUES('2017-03-18 12:52:57',107633,114406);
INSERT INTO tupa VALUES('2017-03-18 12:53:37',849643,358042);
INSERT INTO tupa VALUES('2017-03-18 12:53:38',107633,114406);
INSERT INTO tupa VALUES('2017-03-18 12:53:52',572809,114406);
INSERT INTO tupa VALUES('2017-03-18 12:54:43',107633,263305);
INSERT INTO tupa VALUES('2017-03-18 12:54:56',309098,196215);
INSERT INTO tupa VALUES('2017-03-18 12:55:28',449601,263305);
INSERT INTO tupa VALUES('2017-03-18 12:55:43',309098,196215);
INSERT INTO tupa VALUES('2017-03-18 12:56:21',107633,848530);
INSERT INTO tupa VALUES('2017-03-18 12:56:34',47624,805774);
INSERT INTO tupa VALUES('2017-03-18 12:56:44',449601,263305);
INSERT INTO tupa VALUES('2017-03-18 12:56:50',107633,848530);
INSERT INTO tupa VALUES('2017-03-18 12:57:21',107633,848530);
INSERT INTO tupa VALUES('2017-03-18 12:57:43',107633,848530);
INSERT INTO tupa VALUES('2017-03-18 12:58:02',407948,946981);
INSERT INTO tupa VALUES('2017-03-18 12:58:11',107633,848530);
INSERT INTO tupa VALUES('2017-03-18 12:58:18',810855,296671);
INSERT INTO tupa VALUES('2017-03-18 12:58:31',107633,848530);
INSERT INTO tupa VALUES('2017-03-18 12:58:40',201053,198904);
INSERT INTO tupa VALUES('2017-03-18 12:58:58',47624,904739);
INSERT INTO tupa VALUES('2017-03-18 12:58:58',107633,848530);
INSERT INTO tupa VALUES('2017-03-18 12:59:39',107633,848530);
INSERT INTO tupa VALUES('2017-03-18 12:59:51',407948,114406);
INSERT INTO tupa VALUES('2017-03-18 13:00:15',107633,848530);
INSERT INTO tupa VALUES('2017-03-18 13:00:35',467748,848530);
INSERT INTO tupa VALUES('2017-03-18 13:01:08',805426,254485);
INSERT INTO tupa VALUES('2017-03-18 13:02:16',107633,946981);
INSERT INTO tupa VALUES('2017-03-18 13:02:38',289498,498824);
INSERT INTO tupa VALUES('2017-03-18 13:02:51',289498,498824);
INSERT INTO tupa VALUES('2017-03-18 13:03:10',805426,254485);
INSERT INTO tupa VALUES('2017-03-18 13:03:35',675139,666263);
INSERT INTO tupa VALUES('2017-03-18 13:05:49',107633,946981);
INSERT INTO tupa VALUES('2017-03-18 13:06:16',107633,946981);
INSERT INTO tupa VALUES('2017-03-18 13:06:29',107633,730129);
INSERT INTO tupa VALUES('2017-03-18 13:06:35',107633,946981);
INSERT INTO tupa VALUES('2017-03-18 13:06:42',451805,216429);
INSERT INTO tupa VALUES('2017-03-18 13:06:48',107633,730129);
INSERT INTO tupa VALUES('2017-03-18 13:07:24',107633,946981);
INSERT INTO tupa VALUES('2017-03-18 13:07:33',107633,805774);
INSERT INTO tupa VALUES('2017-03-18 13:07:59',107633,946981);
INSERT INTO tupa VALUES('2017-03-18 13:08:15',107633,946981);
INSERT INTO tupa VALUES('2017-03-18 13:08:30',107633,946981);
INSERT INTO tupa VALUES('2017-03-18 13:08:44',107633,946981);
INSERT INTO tupa VALUES('2017-03-18 13:08:58',107633,545563);
INSERT INTO tupa VALUES('2017-03-18 13:08:59',107633,946981);
INSERT INTO tupa VALUES('2017-03-18 13:09:11',107633,179170);
INSERT INTO tupa VALUES('2017-03-18 13:09:12',107633,946981);
INSERT INTO tupa VALUES('2017-03-18 13:09:14',216059,730129);
INSERT INTO tupa VALUES('2017-03-18 13:09:15',248133,715949);
INSERT INTO tupa VALUES('2017-03-18 13:09:27',107633,946981);
INSERT INTO tupa VALUES('2017-03-18 13:09:34',107633,805774);
INSERT INTO tupa VALUES('2017-03-18 13:09:39',248133,196215);
INSERT INTO tupa VALUES('2017-03-18 13:09:41',107633,179170);
INSERT INTO tupa VALUES('2017-03-18 13:09:42',107633,946981);
INSERT INTO tupa VALUES('2017-03-18 13:09:56',107633,946981);
INSERT INTO tupa VALUES('2017-03-18 13:09:57',248133,196215);
INSERT INTO tupa VALUES('2017-03-18 13:10:00',107633,179170);
INSERT INTO tupa VALUES('2017-03-18 13:10:11',107633,946981);
INSERT INTO tupa VALUES('2017-03-18 13:10:19',478199,946981);
INSERT INTO tupa VALUES('2017-03-18 13:10:24',107633,179170);
INSERT INTO tupa VALUES('2017-03-18 13:10:29',399755,296671);
INSERT INTO tupa VALUES('2017-03-18 13:10:45',467748,545563);
INSERT INTO tupa VALUES('2017-03-18 13:10:50',107633,179170);
INSERT INTO tupa VALUES('2017-03-18 13:11:34',402636,498824);
INSERT INTO tupa VALUES('2017-03-18 13:11:37',402636,498824);
INSERT INTO tupa VALUES('2017-03-18 13:11:59',107633,179170);
INSERT INTO tupa VALUES('2017-03-18 13:12:11',107633,179170);
INSERT INTO tupa VALUES('2017-03-18 13:12:28',107633,179170);
INSERT INTO tupa VALUES('2017-03-18 13:12:39',107633,179170);
INSERT INTO tupa VALUES('2017-03-18 13:12:58',107633,179170);
INSERT INTO tupa VALUES('2017-03-18 13:13:01',107633,179170);
INSERT INTO tupa VALUES('2017-03-18 13:13:13',107633,179170);
INSERT INTO tupa VALUES('2017-03-18 13:13:24',107633,179170);
INSERT INTO tupa VALUES('2017-03-18 13:13:25',107633,179170);
INSERT INTO tupa VALUES('2017-03-18 13:13:40',107633,179170);
INSERT INTO tupa VALUES('2017-03-18 13:13:42',107633,179170);
INSERT INTO tupa VALUES('2017-03-18 13:13:54',107633,179170);
INSERT INTO tupa VALUES('2017-03-18 13:14:01',107633,179170);
INSERT INTO tupa VALUES('2017-03-18 13:14:05',464691,216429);
INSERT INTO tupa VALUES('2017-03-18 13:14:17',107633,179170);
INSERT INTO tupa VALUES('2017-03-18 13:14:50',482385,805774);
INSERT INTO tupa VALUES('2017-03-18 13:14:55',418872,263305);
INSERT INTO tupa VALUES('2017-03-18 13:15:20',418872,263305);
INSERT INTO tupa VALUES('2017-03-18 13:16:24',107633,179170);
INSERT INTO tupa VALUES('2017-03-18 13:16:31',467748,358042);
INSERT INTO tupa VALUES('2017-03-18 13:16:37',107633,179170);
INSERT INTO tupa VALUES('2017-03-18 13:16:49',107633,179170);
INSERT INTO tupa VALUES('2017-03-18 13:16:53',107633,179170);
INSERT INTO tupa VALUES('2017-03-18 13:17:03',107633,179170);
INSERT INTO tupa VALUES('2017-03-18 13:17:05',450011,179170);
INSERT INTO tupa VALUES('2017-03-18 13:17:06',450011,179170);
INSERT INTO tupa VALUES('2017-03-18 13:17:11',107633,179170);
INSERT INTO tupa VALUES('2017-03-18 13:17:35',107633,498824);
INSERT INTO tupa VALUES('2017-03-18 13:17:45',501207,296671);
INSERT INTO tupa VALUES('2017-03-18 13:18:03',248133,715949);
INSERT INTO tupa VALUES('2017-03-18 13:18:15',309098,715949);
INSERT INTO tupa VALUES('2017-03-18 13:18:23',107633,498824);
INSERT INTO tupa VALUES('2017-03-18 13:18:44',482385,904739);
INSERT INTO tupa VALUES('2017-03-18 13:18:51',107633,498824);
INSERT INTO tupa VALUES('2017-03-18 13:19:41',107633,498824);
INSERT INTO tupa VALUES('2017-03-18 13:19:59',107633,946981);
INSERT INTO tupa VALUES('2017-03-18 13:20:08',358431,946981);
INSERT INTO tupa VALUES('2017-03-18 13:20:44',107633,498824);
INSERT INTO tupa VALUES('2017-03-18 13:20:53',107633,114406);
INSERT INTO tupa VALUES('2017-03-18 13:21:36',107633,848530);
INSERT INTO tupa VALUES('2017-03-18 13:21:38',107633,498824);
INSERT INTO tupa VALUES('2017-03-18 13:21:56',107633,848530);
INSERT INTO tupa VALUES('2017-03-18 13:22:07',858785,254485);
INSERT INTO tupa VALUES('2017-03-18 13:22:15',107633,498824);
INSERT INTO tupa VALUES('2017-03-18 13:22:17',368748,114406);
INSERT INTO tupa VALUES('2017-03-18 13:22:21',107633,498824);
INSERT INTO tupa VALUES('2017-03-18 13:22:22',107633,848530);
INSERT INTO tupa VALUES('2017-03-18 13:22:42',107633,848530);
INSERT INTO tupa VALUES('2017-03-18 13:23:00',107633,848530);
INSERT INTO tupa VALUES('2017-03-18 13:23:08',107633,498824);
INSERT INTO tupa VALUES('2017-03-18 13:23:18',107633,848530);
INSERT INTO tupa VALUES('2017-03-18 13:23:37',487666,848530);
INSERT INTO tupa VALUES('2017-03-18 13:23:55',107633,498824);
INSERT INTO tupa VALUES('2017-03-18 13:24:14',47624,196215);
INSERT INTO tupa VALUES('2017-03-18 13:24:22',47624,196215);
INSERT INTO tupa VALUES('2017-03-18 13:24:36',107633,179170);
INSERT INTO tupa VALUES('2017-03-18 13:24:48',306024,179170);
INSERT INTO tupa VALUES('2017-03-18 13:24:51',300355,498824);
INSERT INTO tupa VALUES('2017-03-18 13:24:52',306024,179170);
INSERT INTO tupa VALUES('2017-03-18 13:24:57',306024,179170);
INSERT INTO tupa VALUES('2017-03-18 13:25:04',361455,805774);
INSERT INTO tupa VALUES('2017-03-18 13:25:11',107633,498824);
INSERT INTO tupa VALUES('2017-03-18 13:25:14',107633,545563);
INSERT INTO tupa VALUES('2017-03-18 13:25:31',190028,216429);
INSERT INTO tupa VALUES('2017-03-18 13:26:08',107633,545563);
INSERT INTO tupa VALUES('2017-03-18 13:26:54',458786,545563);
INSERT INTO tupa VALUES('2017-03-18 13:27:01',107633,296671);
INSERT INTO tupa VALUES('2017-03-18 13:27:32',107633,296671);
INSERT INTO tupa VALUES('2017-03-18 13:27:43',107633,498824);
INSERT INTO tupa VALUES('2017-03-18 13:27:49',107633,296671);
INSERT INTO tupa VALUES('2017-03-18 13:27:58',598957,946981);
INSERT INTO tupa VALUES('2017-03-18 13:28:07',107633,296671);
INSERT INTO tupa VALUES('2017-03-18 13:28:31',107633,296671);
INSERT INTO tupa VALUES('2017-03-18 13:28:46',107633,296671);
INSERT INTO tupa VALUES('2017-03-18 13:28:52',458786,358042);
INSERT INTO tupa VALUES('2017-03-18 13:29:18',107633,296671);
INSERT INTO tupa VALUES('2017-03-18 13:29:28',458786,358042);
INSERT INTO tupa VALUES('2017-03-18 13:29:35',107633,296671);
INSERT INTO tupa VALUES('2017-03-18 13:29:52',107633,296671);
INSERT INTO tupa VALUES('2017-03-18 13:30:26',407948,730129);
INSERT INTO tupa VALUES('2017-03-18 13:30:27',107633,296671);
INSERT INTO tupa VALUES('2017-03-18 13:30:43',112797,263305);
INSERT INTO tupa VALUES('2017-03-18 13:30:48',107633,296671);
INSERT INTO tupa VALUES('2017-03-18 13:30:48',112797,263305);
INSERT INTO tupa VALUES('2017-03-18 13:31:01',107633,296671);
INSERT INTO tupa VALUES('2017-03-18 13:31:14',107633,296671);
INSERT INTO tupa VALUES('2017-03-18 13:31:27',107633,296671);
INSERT INTO tupa VALUES('2017-03-18 13:31:41',107633,296671);
INSERT INTO tupa VALUES('2017-03-18 13:31:55',107633,296671);
INSERT INTO tupa VALUES('2017-03-18 13:32:08',107633,296671);
INSERT INTO tupa VALUES('2017-03-18 13:32:24',107633,296671);
INSERT INTO tupa VALUES('2017-03-18 13:32:37',107633,296671);
INSERT INTO tupa VALUES('2017-03-18 13:32:53',107633,296671);
INSERT INTO tupa VALUES('2017-03-18 13:33:08',107633,296671);
INSERT INTO tupa VALUES('2017-03-18 13:33:27',107633,296671);
INSERT INTO tupa VALUES('2017-03-18 13:33:40',107633,296671);
INSERT INTO tupa VALUES('2017-03-18 13:33:57',289498,848530);
INSERT INTO tupa VALUES('2017-03-18 13:33:58',107633,296671);
INSERT INTO tupa VALUES('2017-03-18 13:34:02',68817,198904);
INSERT INTO tupa VALUES('2017-03-18 13:34:39',107633,498824);
INSERT INTO tupa VALUES('2017-03-18 13:34:57',107633,216429);
INSERT INTO tupa VALUES('2017-03-18 13:35:17',107633,498824);
INSERT INTO tupa VALUES('2017-03-18 13:35:28',203585,179170);
INSERT INTO tupa VALUES('2017-03-18 13:35:34',107633,498824);
INSERT INTO tupa VALUES('2017-03-18 13:35:44',107633,216429);
INSERT INTO tupa VALUES('2017-03-18 13:35:48',107633,498824);
INSERT INTO tupa VALUES('2017-03-18 13:36:05',107633,498824);
INSERT INTO tupa VALUES('2017-03-18 13:36:08',289498,545563);
INSERT INTO tupa VALUES('2017-03-18 13:36:10',112797,904739);
INSERT INTO tupa VALUES('2017-03-18 13:36:20',107633,498824);
INSERT INTO tupa VALUES('2017-03-18 13:36:38',306024,216429);
INSERT INTO tupa VALUES('2017-03-18 13:36:57',289498,358042);
INSERT INTO tupa VALUES('2017-03-18 13:37:02',107633,498824);
INSERT INTO tupa VALUES('2017-03-18 13:37:29',107633,498824);
INSERT INTO tupa VALUES('2017-03-18 13:37:54',107633,498824);
INSERT INTO tupa VALUES('2017-03-18 13:38:08',107633,498824);
INSERT INTO tupa VALUES('2017-03-18 13:38:19',107633,498824);
INSERT INTO tupa VALUES('2017-03-18 13:39:05',107633,498824);
INSERT INTO tupa VALUES('2017-03-18 13:39:16',107633,498824);
INSERT INTO tupa VALUES('2017-03-18 13:40:09',107633,498824);
INSERT INTO tupa VALUES('2017-03-18 13:40:11',107633,946981);
INSERT INTO tupa VALUES('2017-03-18 13:40:25',849643,730129);
INSERT INTO tupa VALUES('2017-03-18 13:40:26',107633,498824);
INSERT INTO tupa VALUES('2017-03-18 13:40:28',107633,946981);
INSERT INTO tupa VALUES('2017-03-18 13:40:38',107633,498824);
INSERT INTO tupa VALUES('2017-03-18 13:40:38',402636,848530);
INSERT INTO tupa VALUES('2017-03-18 13:40:41',107633,946981);
INSERT INTO tupa VALUES('2017-03-18 13:40:52',107633,946981);
INSERT INTO tupa VALUES('2017-03-18 13:40:53',107633,498824);
INSERT INTO tupa VALUES('2017-03-18 13:41:06',107633,946981);
INSERT INTO tupa VALUES('2017-03-18 13:41:25',107633,946981);
INSERT INTO tupa VALUES('2017-03-18 13:41:31',107633,498824);
INSERT INTO tupa VALUES('2017-03-18 13:41:35',257972,946981);
INSERT INTO tupa VALUES('2017-03-18 13:41:35',826526,498824);
INSERT INTO tupa VALUES('2017-03-18 13:42:08',157681,715949);
INSERT INTO tupa VALUES('2017-03-18 13:42:18',610865,179170);
INSERT INTO tupa VALUES('2017-03-18 13:42:42',107633,263305);
INSERT INTO tupa VALUES('2017-03-18 13:43:16',107633,263305);
INSERT INTO tupa VALUES('2017-03-18 13:43:42',107633,263305);
INSERT INTO tupa VALUES('2017-03-18 13:44:16',107633,296671);
INSERT INTO tupa VALUES('2017-03-18 13:44:27',107633,296671);
INSERT INTO tupa VALUES('2017-03-18 13:44:38',107633,296671);
INSERT INTO tupa VALUES('2017-03-18 13:44:44',663085,263305);
INSERT INTO tupa VALUES('2017-03-18 13:44:48',663085,263305);
INSERT INTO tupa VALUES('2017-03-18 13:44:50',107633,296671);
INSERT INTO tupa VALUES('2017-03-18 13:45:01',107633,296671);
INSERT INTO tupa VALUES('2017-03-18 13:45:11',107633,296671);
INSERT INTO tupa VALUES('2017-03-18 13:45:17',402636,545563);
INSERT INTO tupa VALUES('2017-03-18 13:45:19',407948,296671);
INSERT INTO tupa VALUES('2017-03-18 13:45:49',107633,114406);
INSERT INTO tupa VALUES('2017-03-18 13:46:40',107633,848530);
INSERT INTO tupa VALUES('2017-03-18 13:46:58',107633,848530);
INSERT INTO tupa VALUES('2017-03-18 13:46:59',296628,498824);
INSERT INTO tupa VALUES('2017-03-18 13:47:02',107633,114406);
INSERT INTO tupa VALUES('2017-03-18 13:47:11',296628,498824);
INSERT INTO tupa VALUES('2017-03-18 13:47:16',107633,114406);
INSERT INTO tupa VALUES('2017-03-18 13:47:17',402636,358042);
INSERT INTO tupa VALUES('2017-03-18 13:47:27',107633,114406);
INSERT INTO tupa VALUES('2017-03-18 13:47:30',107633,848530);
INSERT INTO tupa VALUES('2017-03-18 13:47:33',107633,179170);
INSERT INTO tupa VALUES('2017-03-18 13:47:41',368748,198904);
INSERT INTO tupa VALUES('2017-03-18 13:47:47',107633,114406);
INSERT INTO tupa VALUES('2017-03-18 13:47:48',207151,179170);
INSERT INTO tupa VALUES('2017-03-18 13:47:56',851732,216429);
INSERT INTO tupa VALUES('2017-03-18 13:48:04',107633,848530);
INSERT INTO tupa VALUES('2017-03-18 13:48:13',482385,196215);
INSERT INTO tupa VALUES('2017-03-18 13:48:17',409078,946981);
INSERT INTO tupa VALUES('2017-03-18 13:48:26',107633,848530);
INSERT INTO tupa VALUES('2017-03-18 13:48:26',482385,196215);
INSERT INTO tupa VALUES('2017-03-18 13:48:43',107633,848530);
INSERT INTO tupa VALUES('2017-03-18 13:49:10',107633,848530);
INSERT INTO tupa VALUES('2017-03-18 13:49:27',107633,848530);
INSERT INTO tupa VALUES('2017-03-18 13:49:35',300355,848530);
INSERT INTO tupa VALUES('2017-03-18 13:50:35',451805,666263);
INSERT INTO tupa VALUES('2017-03-18 13:50:56',107633,114406);
INSERT INTO tupa VALUES('2017-03-18 13:51:13',675139,715949);
INSERT INTO tupa VALUES('2017-03-18 13:51:14',107633,715949);
INSERT INTO tupa VALUES('2017-03-18 13:51:21',107633,114406);
INSERT INTO tupa VALUES('2017-03-18 13:51:27',493023,254485);
INSERT INTO tupa VALUES('2017-03-18 13:51:33',107633,114406);
INSERT INTO tupa VALUES('2017-03-18 13:51:44',107633,114406);
INSERT INTO tupa VALUES('2017-03-18 13:51:56',107633,114406);
INSERT INTO tupa VALUES('2017-03-18 13:52:04',675139,715949);
INSERT INTO tupa VALUES('2017-03-18 13:52:26',805541,498824);
INSERT INTO tupa VALUES('2017-03-18 13:52:29',867508,904739);
INSERT INTO tupa VALUES('2017-03-18 13:52:35',107633,498824);
INSERT INTO tupa VALUES('2017-03-18 13:52:48',805541,498824);
INSERT INTO tupa VALUES('2017-03-18 13:53:01',107633,114406);
INSERT INTO tupa VALUES('2017-03-18 13:53:15',107633,114406);
INSERT INTO tupa VALUES('2017-03-18 13:53:30',985198,216429);
INSERT INTO tupa VALUES('2017-03-18 13:53:38',107633,114406);
INSERT INTO tupa VALUES('2017-03-18 13:53:53',107633,730129);
INSERT INTO tupa VALUES('2017-03-18 13:54:09',107633,730129);
INSERT INTO tupa VALUES('2017-03-18 13:54:15',107633,114406);
INSERT INTO tupa VALUES('2017-03-18 13:54:29',107633,114406);
INSERT INTO tupa VALUES('2017-03-18 13:54:39',107633,114406);
INSERT INTO tupa VALUES('2017-03-18 13:54:51',107633,805774);
INSERT INTO tupa VALUES('2017-03-18 13:54:52',851732,179170);
INSERT INTO tupa VALUES('2017-03-18 13:54:56',107633,730129);
INSERT INTO tupa VALUES('2017-03-18 13:55:10',107633,296671);
INSERT INTO tupa VALUES('2017-03-18 13:55:15',107633,730129);
INSERT INTO tupa VALUES('2017-03-18 13:55:32',107633,730129);
INSERT INTO tupa VALUES('2017-03-18 13:55:48',107633,296671);
INSERT INTO tupa VALUES('2017-03-18 13:55:50',107633,730129);
INSERT INTO tupa VALUES('2017-03-18 13:56:10',107633,730129);
INSERT INTO tupa VALUES('2017-03-18 13:56:18',70583,946981);
INSERT INTO tupa VALUES('2017-03-18 13:56:22',107633,296671);
INSERT INTO tupa VALUES('2017-03-18 13:56:35',107633,730129);
INSERT INTO tupa VALUES('2017-03-18 13:56:36',107633,296671);
INSERT INTO tupa VALUES('2017-03-18 13:56:50',107633,730129);
INSERT INTO tupa VALUES('2017-03-18 13:56:51',107633,296671);
INSERT INTO tupa VALUES('2017-03-18 13:56:56',107633,545563);
INSERT INTO tupa VALUES('2017-03-18 13:57:05',107633,296671);
INSERT INTO tupa VALUES('2017-03-18 13:57:06',107633,730129);
INSERT INTO tupa VALUES('2017-03-18 13:57:27',107633,730129);
INSERT INTO tupa VALUES('2017-03-18 13:57:37',107633,296671);
INSERT INTO tupa VALUES('2017-03-18 13:57:39',107633,848530);
INSERT INTO tupa VALUES('2017-03-18 13:57:40',107633,730129);
INSERT INTO tupa VALUES('2017-03-18 13:57:51',107633,730129);
INSERT INTO tupa VALUES('2017-03-18 13:57:54',107633,848530);
INSERT INTO tupa VALUES('2017-03-18 13:58:03',107633,296671);
INSERT INTO tupa VALUES('2017-03-18 13:58:07',107633,730129);
INSERT INTO tupa VALUES('2017-03-18 13:58:17',107633,848530);
INSERT INTO tupa VALUES('2017-03-18 13:58:18',107633,730129);
INSERT INTO tupa VALUES('2017-03-18 13:58:27',107633,296671);
INSERT INTO tupa VALUES('2017-03-18 13:58:29',107633,730129);
INSERT INTO tupa VALUES('2017-03-18 13:58:39',107633,848530);
INSERT INTO tupa VALUES('2017-03-18 13:58:40',107633,730129);
INSERT INTO tupa VALUES('2017-03-18 13:58:44',867508,805774);
INSERT INTO tupa VALUES('2017-03-18 13:58:48',107633,296671);
INSERT INTO tupa VALUES('2017-03-18 13:58:48',107633,545563);
INSERT INTO tupa VALUES('2017-03-18 13:58:52',107633,730129);
INSERT INTO tupa VALUES('2017-03-18 13:59:00',107633,545563);
INSERT INTO tupa VALUES('2017-03-18 13:59:03',107633,730129);
INSERT INTO tupa VALUES('2017-03-18 13:59:10',402636,114406);
INSERT INTO tupa VALUES('2017-03-18 13:59:15',107633,730129);
INSERT INTO tupa VALUES('2017-03-18 13:59:38',849643,296671);
INSERT INTO tupa VALUES('2017-03-18 13:59:42',107633,848530);
INSERT INTO tupa VALUES('2017-03-18 13:59:44',107633,545563);
INSERT INTO tupa VALUES('2017-03-18 13:59:44',107633,730129);
INSERT INTO tupa VALUES('2017-03-18 13:59:54',107633,545563);
INSERT INTO tupa VALUES('2017-03-18 13:59:56',107633,730129);
INSERT INTO tupa VALUES('2017-03-18 14:00:01',107633,848530);
INSERT INTO tupa VALUES('2017-03-18 14:00:07',107633,730129);
INSERT INTO tupa VALUES('2017-03-18 14:00:19',107633,730129);
INSERT INTO tupa VALUES('2017-03-18 14:00:21',107633,848530);
INSERT INTO tupa VALUES('2017-03-18 14:00:25',204030,498824);
INSERT INTO tupa VALUES('2017-03-18 14:00:30',107633,730129);
INSERT INTO tupa VALUES('2017-03-18 14:00:37',107633,545563);
INSERT INTO tupa VALUES('2017-03-18 14:00:41',107633,730129);
INSERT INTO tupa VALUES('2017-03-18 14:00:44',107633,848530);
INSERT INTO tupa VALUES('2017-03-18 14:00:45',204030,498824);
INSERT INTO tupa VALUES('2017-03-18 14:00:52',107633,730129);
INSERT INTO tupa VALUES('2017-03-18 14:01:00',985198,179170);
INSERT INTO tupa VALUES('2017-03-18 14:01:06',107633,848530);
INSERT INTO tupa VALUES('2017-03-18 14:01:13',107633,730129);
INSERT INTO tupa VALUES('2017-03-18 14:01:24',107633,730129);
INSERT INTO tupa VALUES('2017-03-18 14:01:33',107633,848530);
INSERT INTO tupa VALUES('2017-03-18 14:01:41',107633,730129);
INSERT INTO tupa VALUES('2017-03-18 14:01:50',107633,946981);
INSERT INTO tupa VALUES('2017-03-18 14:01:53',107633,848530);
INSERT INTO tupa VALUES('2017-03-18 14:01:59',107633,730129);
INSERT INTO tupa VALUES('2017-03-18 14:02:01',107633,946981);
INSERT INTO tupa VALUES('2017-03-18 14:02:11',107633,848530);
INSERT INTO tupa VALUES('2017-03-18 14:02:11',107633,946981);
INSERT INTO tupa VALUES('2017-03-18 14:02:16',107633,730129);
INSERT INTO tupa VALUES('2017-03-18 14:02:22',107633,946981);
INSERT INTO tupa VALUES('2017-03-18 14:02:32',107633,946981);
INSERT INTO tupa VALUES('2017-03-18 14:02:33',107633,730129);
INSERT INTO tupa VALUES('2017-03-18 14:02:35',107633,848530);
INSERT INTO tupa VALUES('2017-03-18 14:02:45',107633,946981);
INSERT INTO tupa VALUES('2017-03-18 14:02:47',963602,216429);
INSERT INTO tupa VALUES('2017-03-18 14:02:53',107633,730129);
INSERT INTO tupa VALUES('2017-03-18 14:02:58',107633,848530);
INSERT INTO tupa VALUES('2017-03-18 14:02:59',107633,946981);
INSERT INTO tupa VALUES('2017-03-18 14:03:09',107633,545563);
INSERT INTO tupa VALUES('2017-03-18 14:03:10',107633,946981);
INSERT INTO tupa VALUES('2017-03-18 14:03:16',107633,730129);
INSERT INTO tupa VALUES('2017-03-18 14:03:16',300355,545563);
INSERT INTO tupa VALUES('2017-03-18 14:03:24',107633,848530);
INSERT INTO tupa VALUES('2017-03-18 14:03:29',107633,730129);
INSERT INTO tupa VALUES('2017-03-18 14:03:35',107633,946981);
INSERT INTO tupa VALUES('2017-03-18 14:03:49',107633,730129);
INSERT INTO tupa VALUES('2017-03-18 14:03:49',107633,848530);
INSERT INTO tupa VALUES('2017-03-18 14:03:51',107633,848530);
INSERT INTO tupa VALUES('2017-03-18 14:04:02',107633,946981);
INSERT INTO tupa VALUES('2017-03-18 14:04:06',107633,730129);
INSERT INTO tupa VALUES('2017-03-18 14:04:11',107633,848530);
INSERT INTO tupa VALUES('2017-03-18 14:04:12',107633,848530);
INSERT INTO tupa VALUES('2017-03-18 14:04:13',107633,946981);
INSERT INTO tupa VALUES('2017-03-18 14:04:24',107633,946981);
INSERT INTO tupa VALUES('2017-03-18 14:04:31',107633,848530);
INSERT INTO tupa VALUES('2017-03-18 14:04:35',107633,848530);
INSERT INTO tupa VALUES('2017-03-18 14:04:37',107633,946981);
INSERT INTO tupa VALUES('2017-03-18 14:04:54',107633,848530);
INSERT INTO tupa VALUES('2017-03-18 14:04:56',107633,946981);
INSERT INTO tupa VALUES('2017-03-18 14:05:10',107633,946981);
INSERT INTO tupa VALUES('2017-03-18 14:05:11',107633,848530);
INSERT INTO tupa VALUES('2017-03-18 14:05:14',107633,848530);
INSERT INTO tupa VALUES('2017-03-18 14:05:21',381150,946981);
INSERT INTO tupa VALUES('2017-03-18 14:05:31',107633,848530);
INSERT INTO tupa VALUES('2017-03-18 14:05:33',107633,848530);
INSERT INTO tupa VALUES('2017-03-18 14:05:48',107633,848530);
INSERT INTO tupa VALUES('2017-03-18 14:05:50',107633,848530);
INSERT INTO tupa VALUES('2017-03-18 14:05:52',972355,498824);
INSERT INTO tupa VALUES('2017-03-18 14:05:53',972355,498824);
INSERT INTO tupa VALUES('2017-03-18 14:06:07',107633,848530);
INSERT INTO tupa VALUES('2017-03-18 14:06:10',107633,848530);
INSERT INTO tupa VALUES('2017-03-18 14:06:29',107633,848530);
INSERT INTO tupa VALUES('2017-03-18 14:06:41',107633,263305);
INSERT INTO tupa VALUES('2017-03-18 14:06:44',107633,848530);
INSERT INTO tupa VALUES('2017-03-18 14:06:45',107633,848530);
INSERT INTO tupa VALUES('2017-03-18 14:07:04',107633,848530);
INSERT INTO tupa VALUES('2017-03-18 14:07:04',358431,114406);
INSERT INTO tupa VALUES('2017-03-18 14:07:05',107633,848530);
INSERT INTO tupa VALUES('2017-03-18 14:07:14',107633,263305);
INSERT INTO tupa VALUES('2017-03-18 14:07:26',107633,848530);
INSERT INTO tupa VALUES('2017-03-18 14:07:27',107633,848530);
INSERT INTO tupa VALUES('2017-03-18 14:08:01',107633,848530);
INSERT INTO tupa VALUES('2017-03-18 14:08:21',107633,848530);
INSERT INTO tupa VALUES('2017-03-18 14:08:23',107633,263305);
INSERT INTO tupa VALUES('2017-03-18 14:08:46',358431,198904);
INSERT INTO tupa VALUES('2017-03-18 14:09:30',107633,545563);
INSERT INTO tupa VALUES('2017-03-18 14:09:33',698440,254485);
INSERT INTO tupa VALUES('2017-03-18 14:09:33',844817,666263);
INSERT INTO tupa VALUES('2017-03-18 14:09:58',107633,848530);
INSERT INTO tupa VALUES('2017-03-18 14:10:00',107633,263305);
INSERT INTO tupa VALUES('2017-03-18 14:10:07',407948,358042);
INSERT INTO tupa VALUES('2017-03-18 14:10:15',963602,179170);
INSERT INTO tupa VALUES('2017-03-18 14:10:23',107633,848530);
INSERT INTO tupa VALUES('2017-03-18 14:10:28',361455,196215);
INSERT INTO tupa VALUES('2017-03-18 14:10:30',361455,196215);
INSERT INTO tupa VALUES('2017-03-18 14:10:35',107633,263305);
INSERT INTO tupa VALUES('2017-03-18 14:10:36',107633,545563);
INSERT INTO tupa VALUES('2017-03-18 14:10:37',107633,263305);
INSERT INTO tupa VALUES('2017-03-18 14:10:45',107633,848530);
INSERT INTO tupa VALUES('2017-03-18 14:10:49',107633,545563);
INSERT INTO tupa VALUES('2017-03-18 14:11:02',107633,946981);
INSERT INTO tupa VALUES('2017-03-18 14:11:04',107633,848530);
INSERT INTO tupa VALUES('2017-03-18 14:11:13',107633,545563);
INSERT INTO tupa VALUES('2017-03-18 14:11:19',107633,848530);
INSERT INTO tupa VALUES('2017-03-18 14:11:21',107633,946981);
INSERT INTO tupa VALUES('2017-03-18 14:11:30',451379,946981);
INSERT INTO tupa VALUES('2017-03-18 14:11:42',107633,848530);
INSERT INTO tupa VALUES('2017-03-18 14:11:59',107633,848530);
INSERT INTO tupa VALUES('2017-03-18 14:11:59',687183,216429);
INSERT INTO tupa VALUES('2017-03-18 14:11:59',826526,545563);
INSERT INTO tupa VALUES('2017-03-18 14:12:23',107633,848530);
INSERT INTO tupa VALUES('2017-03-18 14:12:31',826526,848530);
INSERT INTO tupa VALUES('2017-03-18 14:12:44',168946,263305);
INSERT INTO tupa VALUES('2017-03-18 14:13:06',107633,263305);
INSERT INTO tupa VALUES('2017-03-18 14:13:26',277412,498824);
INSERT INTO tupa VALUES('2017-03-18 14:13:29',168946,263305);
INSERT INTO tupa VALUES('2017-03-18 14:14:25',598957,198904);
INSERT INTO tupa VALUES('2017-03-18 14:16:45',402636,730129);
INSERT INTO tupa VALUES('2017-03-18 14:16:47',259460,114406);
INSERT INTO tupa VALUES('2017-03-18 14:17:17',107633,904739);
INSERT INTO tupa VALUES('2017-03-18 14:17:29',950409,216429);
INSERT INTO tupa VALUES('2017-03-18 14:17:34',687183,179170);
INSERT INTO tupa VALUES('2017-03-18 14:17:35',107633,805774);
INSERT INTO tupa VALUES('2017-03-18 14:17:50',107633,296671);
INSERT INTO tupa VALUES('2017-03-18 14:17:57',107633,545563);
INSERT INTO tupa VALUES('2017-03-18 14:18:16',296628,848530);
INSERT INTO tupa VALUES('2017-03-18 14:18:27',572809,358042);
INSERT INTO tupa VALUES('2017-03-18 14:18:40',107633,296671);
INSERT INTO tupa VALUES('2017-03-18 14:18:55',296628,545563);
INSERT INTO tupa VALUES('2017-03-18 14:19:10',107633,296671);
INSERT INTO tupa VALUES('2017-03-18 14:19:35',107633,296671);
INSERT INTO tupa VALUES('2017-03-18 14:19:54',663085,904739);
INSERT INTO tupa VALUES('2017-03-18 14:20:01',107633,296671);
INSERT INTO tupa VALUES('2017-03-18 14:20:40',107633,296671);
INSERT INTO tupa VALUES('2017-03-18 14:21:16',107633,296671);
INSERT INTO tupa VALUES('2017-03-18 14:21:36',451379,498824);
INSERT INTO tupa VALUES('2017-03-18 14:21:38',451379,498824);
INSERT INTO tupa VALUES('2017-03-18 14:21:47',950409,179170);
INSERT INTO tupa VALUES('2017-03-18 14:21:50',107633,730129);
INSERT INTO tupa VALUES('2017-03-18 14:21:59',107633,296671);
INSERT INTO tupa VALUES('2017-03-18 14:22:10',277412,946981);
INSERT INTO tupa VALUES('2017-03-18 14:22:22',107633,296671);
INSERT INTO tupa VALUES('2017-03-18 14:22:38',107633,730129);
INSERT INTO tupa VALUES('2017-03-18 14:22:42',107633,296671);
INSERT INTO tupa VALUES('2017-03-18 14:22:58',107633,730129);
INSERT INTO tupa VALUES('2017-03-18 14:23:08',598957,114406);
INSERT INTO tupa VALUES('2017-03-18 14:23:09',107633,296671);
INSERT INTO tupa VALUES('2017-03-18 14:23:15',107633,730129);
INSERT INTO tupa VALUES('2017-03-18 14:23:31',107633,730129);
INSERT INTO tupa VALUES('2017-03-18 14:23:35',107633,296671);
INSERT INTO tupa VALUES('2017-03-18 14:23:46',107633,730129);
INSERT INTO tupa VALUES('2017-03-18 14:23:52',107633,296671);
INSERT INTO tupa VALUES('2017-03-18 14:24:02',107633,730129);
INSERT INTO tupa VALUES('2017-03-18 14:24:06',805541,545563);
INSERT INTO tupa VALUES('2017-03-18 14:24:20',107633,730129);
INSERT INTO tupa VALUES('2017-03-18 14:24:31',107633,296671);
INSERT INTO tupa VALUES('2017-03-18 14:24:47',107633,730129);
INSERT INTO tupa VALUES('2017-03-18 14:25:01',107633,730129);
INSERT INTO tupa VALUES('2017-03-18 14:25:09',107633,296671);
INSERT INTO tupa VALUES('2017-03-18 14:25:16',478199,730129);
INSERT INTO tupa VALUES('2017-03-18 14:25:42',107633,296671);
INSERT INTO tupa VALUES('2017-03-18 14:26:20',107633,296671);
INSERT INTO tupa VALUES('2017-03-18 14:26:32',107633,296671);
INSERT INTO tupa VALUES('2017-03-18 14:26:42',107633,216429);
INSERT INTO tupa VALUES('2017-03-18 14:27:01',107633,296671);
INSERT INTO tupa VALUES('2017-03-18 14:27:02',107633,216429);
INSERT INTO tupa VALUES('2017-03-18 14:27:23',561543,216429);
INSERT INTO tupa VALUES('2017-03-18 14:27:26',107633,296671);
INSERT INTO tupa VALUES('2017-03-18 14:27:48',107633,296671);
INSERT INTO tupa VALUES('2017-03-18 14:27:59',381150,498824);
INSERT INTO tupa VALUES('2017-03-18 14:28:02',381150,498824);
INSERT INTO tupa VALUES('2017-03-18 14:28:20',107633,296671);
INSERT INTO tupa VALUES('2017-03-18 14:28:37',107633,296671);
INSERT INTO tupa VALUES('2017-03-18 14:28:44',561543,263305);
INSERT INTO tupa VALUES('2017-03-18 14:29:23',248133,358042);
INSERT INTO tupa VALUES('2017-03-18 14:29:29',561543,263305);
INSERT INTO tupa VALUES('2017-03-18 14:29:41',204030,545563);
INSERT INTO tupa VALUES('2017-03-18 14:29:51',107633,296671);
INSERT INTO tupa VALUES('2017-03-18 14:30:03',972355,946981);
INSERT INTO tupa VALUES('2017-03-18 14:30:15',107633,296671);
INSERT INTO tupa VALUES('2017-03-18 14:30:38',107633,296671);
INSERT INTO tupa VALUES('2017-03-18 14:30:54',107633,296671);
INSERT INTO tupa VALUES('2017-03-18 14:31:08',107633,296671);
INSERT INTO tupa VALUES('2017-03-18 14:31:30',107633,296671);
INSERT INTO tupa VALUES('2017-03-18 14:31:50',70583,498824);
INSERT INTO tupa VALUES('2017-03-18 14:31:53',70583,498824);
INSERT INTO tupa VALUES('2017-03-18 14:31:58',107633,296671);
INSERT INTO tupa VALUES('2017-03-18 14:32:31',107633,296671);
INSERT INTO tupa VALUES('2017-03-18 14:32:32',44748,198904);
INSERT INTO tupa VALUES('2017-03-18 14:33:16',107633,296671);
INSERT INTO tupa VALUES('2017-03-18 14:33:26',972355,545563);
INSERT INTO tupa VALUES('2017-03-18 14:33:29',107633,179170);
INSERT INTO tupa VALUES('2017-03-18 14:33:39',282269,179170);
INSERT INTO tupa VALUES('2017-03-18 14:34:12',107633,296671);
INSERT INTO tupa VALUES('2017-03-18 14:34:37',107633,296671);
INSERT INTO tupa VALUES('2017-03-18 14:34:59',107633,216429);
INSERT INTO tupa VALUES('2017-03-18 14:35:00',418872,904739);
INSERT INTO tupa VALUES('2017-03-18 14:35:04',107633,296671);
INSERT INTO tupa VALUES('2017-03-18 14:35:31',107633,216429);
INSERT INTO tupa VALUES('2017-03-18 14:35:54',107633,296671);
INSERT INTO tupa VALUES('2017-03-18 14:36:04',731288,114406);
INSERT INTO tupa VALUES('2017-03-18 14:36:27',107633,848530);
INSERT INTO tupa VALUES('2017-03-18 14:36:34',107633,296671);
INSERT INTO tupa VALUES('2017-03-18 14:36:56',107633,263305);
INSERT INTO tupa VALUES('2017-03-18 14:37:00',107633,296671);
INSERT INTO tupa VALUES('2017-03-18 14:37:00',990209,946981);
INSERT INTO tupa VALUES('2017-03-18 14:37:10',107633,263305);
INSERT INTO tupa VALUES('2017-03-18 14:37:15',107633,216429);
INSERT INTO tupa VALUES('2017-03-18 14:37:18',107633,296671);
INSERT INTO tupa VALUES('2017-03-18 14:37:19',282269,263305);
INSERT INTO tupa VALUES('2017-03-18 14:37:23',282269,263305);
INSERT INTO tupa VALUES('2017-03-18 14:37:24',107633,545563);
INSERT INTO tupa VALUES('2017-03-18 14:37:34',409078,498824);
INSERT INTO tupa VALUES('2017-03-18 14:37:40',409078,498824);
INSERT INTO tupa VALUES('2017-03-18 14:37:42',107633,848530);
INSERT INTO tupa VALUES('2017-03-18 14:37:43',309098,358042);
INSERT INTO tupa VALUES('2017-03-18 14:37:44',561543,179170);
INSERT INTO tupa VALUES('2017-03-18 14:37:46',805541,848530);
INSERT INTO tupa VALUES('2017-03-18 14:37:51',107633,296671);
INSERT INTO tupa VALUES('2017-03-18 14:38:04',107633,296671);
INSERT INTO tupa VALUES('2017-03-18 14:38:28',107633,545563);
INSERT INTO tupa VALUES('2017-03-18 14:38:38',107633,296671);
INSERT INTO tupa VALUES('2017-03-18 14:39:11',107633,296671);
INSERT INTO tupa VALUES('2017-03-18 14:39:25',107633,296671);
INSERT INTO tupa VALUES('2017-03-18 14:39:28',107633,545563);
INSERT INTO tupa VALUES('2017-03-18 14:39:46',107633,216429);
INSERT INTO tupa VALUES('2017-03-18 14:39:46',107633,296671);
INSERT INTO tupa VALUES('2017-03-18 14:39:46',277412,545563);
INSERT INTO tupa VALUES('2017-03-18 14:40:04',107633,666263);
INSERT INTO tupa VALUES('2017-03-18 14:40:34',107633,296671);
INSERT INTO tupa VALUES('2017-03-18 14:40:35',107633,666263);
INSERT INTO tupa VALUES('2017-03-18 14:40:47',107633,254485);
INSERT INTO tupa VALUES('2017-03-18 14:40:52',168946,216429);
INSERT INTO tupa VALUES('2017-03-18 14:40:56',107633,666263);
INSERT INTO tupa VALUES('2017-03-18 14:41:06',107633,296671);
INSERT INTO tupa VALUES('2017-03-18 14:41:33',107633,666263);
INSERT INTO tupa VALUES('2017-03-18 14:41:40',107633,296671);
INSERT INTO tupa VALUES('2017-03-18 14:41:47',578066,666263);
INSERT INTO tupa VALUES('2017-03-18 14:41:55',107633,296671);
INSERT INTO tupa VALUES('2017-03-18 14:42:02',464691,254485);
INSERT INTO tupa VALUES('2017-03-18 14:42:03',663085,805774);
INSERT INTO tupa VALUES('2017-03-18 14:42:22',107633,296671);
INSERT INTO tupa VALUES('2017-03-18 14:42:29',107633,254485);
INSERT INTO tupa VALUES('2017-03-18 14:42:38',107633,296671);
INSERT INTO tupa VALUES('2017-03-18 14:42:48',467748,296671);
INSERT INTO tupa VALUES('2017-03-18 14:44:07',107633,263305);
INSERT INTO tupa VALUES('2017-03-18 14:44:16',107633,263305);
INSERT INTO tupa VALUES('2017-03-18 14:44:26',107633,848530);
INSERT INTO tupa VALUES('2017-03-18 14:44:33',107633,263305);
INSERT INTO tupa VALUES('2017-03-18 14:44:43',107633,263305);
INSERT INTO tupa VALUES('2017-03-18 14:44:48',107633,730129);
INSERT INTO tupa VALUES('2017-03-18 14:44:56',107633,848530);
INSERT INTO tupa VALUES('2017-03-18 14:45:00',259460,198904);
INSERT INTO tupa VALUES('2017-03-18 14:45:10',107633,730129);
INSERT INTO tupa VALUES('2017-03-18 14:45:15',107633,848530);
INSERT INTO tupa VALUES('2017-03-18 14:45:18',107633,263305);
INSERT INTO tupa VALUES('2017-03-18 14:45:24',204030,848530);
INSERT INTO tupa VALUES('2017-03-18 14:45:28',107633,730129);
INSERT INTO tupa VALUES('2017-03-18 14:45:50',107633,730129);
INSERT INTO tupa VALUES('2017-03-18 14:46:04',107633,730129);
INSERT INTO tupa VALUES('2017-03-18 14:46:18',107633,730129);
INSERT INTO tupa VALUES('2017-03-18 14:46:28',368748,730129);
INSERT INTO tupa VALUES('2017-03-18 14:47:25',168946,179170);
INSERT INTO tupa VALUES('2017-03-18 14:48:01',107633,946981);
INSERT INTO tupa VALUES('2017-03-18 14:48:45',107633,946981);
INSERT INTO tupa VALUES('2017-03-18 14:49:36',204030,946981);
INSERT INTO tupa VALUES('2017-03-18 14:49:41',451379,545563);
INSERT INTO tupa VALUES('2017-03-18 14:50:05',418872,216429);
INSERT INTO tupa VALUES('2017-03-18 14:50:07',972355,848530);
INSERT INTO tupa VALUES('2017-03-18 14:50:29',107633,263305);
INSERT INTO tupa VALUES('2017-03-18 14:50:44',107633,498824);
INSERT INTO tupa VALUES('2017-03-18 14:50:59',107633,263305);
INSERT INTO tupa VALUES('2017-03-18 14:51:03',107633,498824);
INSERT INTO tupa VALUES('2017-03-18 14:51:14',107633,196215);
INSERT INTO tupa VALUES('2017-03-18 14:51:25',107633,498824);
INSERT INTO tupa VALUES('2017-03-18 14:51:25',546594,263305);
INSERT INTO tupa VALUES('2017-03-18 14:51:38',867508,196215);
INSERT INTO tupa VALUES('2017-03-18 14:51:42',867508,196215);
INSERT INTO tupa VALUES('2017-03-18 14:51:47',546594,263305);
INSERT INTO tupa VALUES('2017-03-18 14:51:48',107633,498824);
INSERT INTO tupa VALUES('2017-03-18 14:52:03',107633,498824);
INSERT INTO tupa VALUES('2017-03-18 14:52:30',107633,498824);
INSERT INTO tupa VALUES('2017-03-18 14:52:53',107633,498824);
INSERT INTO tupa VALUES('2017-03-18 14:53:17',107633,498824);
INSERT INTO tupa VALUES('2017-03-18 14:53:32',107633,498824);
INSERT INTO tupa VALUES('2017-03-18 14:53:34',107633,498824);
INSERT INTO tupa VALUES('2017-03-18 14:53:39',957829,498824);
INSERT INTO tupa VALUES('2017-03-18 14:53:41',449601,904739);
INSERT INTO tupa VALUES('2017-03-18 14:55:01',381150,545563);
INSERT INTO tupa VALUES('2017-03-18 14:55:38',449601,358042);
INSERT INTO tupa VALUES('2017-03-18 14:56:23',277412,848530);
INSERT INTO tupa VALUES('2017-03-18 14:56:38',950409,263305);
INSERT INTO tupa VALUES('2017-03-18 14:56:41',950409,263305);
INSERT INTO tupa VALUES('2017-03-18 14:56:59',950409,263305);
INSERT INTO tupa VALUES('2017-03-18 14:57:53',805541,946981);
INSERT INTO tupa VALUES('2017-03-18 14:58:46',107633,805774);
INSERT INTO tupa VALUES('2017-03-18 14:58:46',418872,179170);
INSERT INTO tupa VALUES('2017-03-18 14:58:58',70583,545563);
INSERT INTO tupa VALUES('2017-03-18 14:58:58',898296,198904);
INSERT INTO tupa VALUES('2017-03-18 15:00:20',107633,805774);
INSERT INTO tupa VALUES('2017-03-18 15:01:10',107633,666263);
INSERT INTO tupa VALUES('2017-03-18 15:01:31',282269,805774);
INSERT INTO tupa VALUES('2017-03-18 15:02:09',107633,296671);
INSERT INTO tupa VALUES('2017-03-18 15:02:22',107633,296671);
INSERT INTO tupa VALUES('2017-03-18 15:02:23',107633,114406);
INSERT INTO tupa VALUES('2017-03-18 15:02:33',107633,666263);
INSERT INTO tupa VALUES('2017-03-18 15:02:43',107633,296671);
INSERT INTO tupa VALUES('2017-03-18 15:02:53',107633,296671);
INSERT INTO tupa VALUES('2017-03-18 15:02:53',107633,666263);
INSERT INTO tupa VALUES('2017-03-18 15:03:08',107633,296671);
INSERT INTO tupa VALUES('2017-03-18 15:03:12',458786,296671);
INSERT INTO tupa VALUES('2017-03-18 15:03:19',107633,666263);
INSERT INTO tupa VALUES('2017-03-18 15:03:33',458786,666263);
INSERT INTO tupa VALUES('2017-03-18 15:03:37',107633,263305);
INSERT INTO tupa VALUES('2017-03-18 15:03:43',107633,263305);
INSERT INTO tupa VALUES('2017-03-18 15:03:45',107633,114406);
INSERT INTO tupa VALUES('2017-03-18 15:03:56',687183,263305);
INSERT INTO tupa VALUES('2017-03-18 15:04:05',687183,263305);
INSERT INTO tupa VALUES('2017-03-18 15:04:23',107633,545563);
INSERT INTO tupa VALUES('2017-03-18 15:04:40',409078,545563);
INSERT INTO tupa VALUES('2017-03-18 15:04:46',107633,114406);
INSERT INTO tupa VALUES('2017-03-18 15:04:57',451379,848530);
INSERT INTO tupa VALUES('2017-03-18 15:05:03',296628,946981);
INSERT INTO tupa VALUES('2017-03-18 15:05:44',107633,114406);
INSERT INTO tupa VALUES('2017-03-18 15:06:16',107633,114406);
INSERT INTO tupa VALUES('2017-03-18 15:06:34',107633,114406);
INSERT INTO tupa VALUES('2017-03-18 15:07:09',107633,114406);
INSERT INTO tupa VALUES('2017-03-18 15:07:48',107633,114406);
INSERT INTO tupa VALUES('2017-03-18 15:08:20',561543,805774);
INSERT INTO tupa VALUES('2017-03-18 15:08:39',107633,114406);
INSERT INTO tupa VALUES('2017-03-18 15:09:21',107633,114406);
INSERT INTO tupa VALUES('2017-03-18 15:09:40',107633,114406);
INSERT INTO tupa VALUES('2017-03-18 15:10:03',957829,114406);
INSERT INTO tupa VALUES('2017-03-18 15:10:12',935138,904739);
INSERT INTO tupa VALUES('2017-03-18 15:10:55',452916,358042);
INSERT INTO tupa VALUES('2017-03-18 15:11:40',381150,848530);
INSERT INTO tupa VALUES('2017-03-18 15:11:40',731288,498824);
INSERT INTO tupa VALUES('2017-03-18 15:11:48',731288,498824);
INSERT INTO tupa VALUES('2017-03-18 15:11:49',731288,498824);
INSERT INTO tupa VALUES('2017-03-18 15:13:00',731288,198904);
INSERT INTO tupa VALUES('2017-03-18 15:13:09',985198,263305);
INSERT INTO tupa VALUES('2017-03-18 15:13:32',985198,263305);
INSERT INTO tupa VALUES('2017-03-18 15:13:40',358431,730129);
INSERT INTO tupa VALUES('2017-03-18 15:13:49',107633,946981);
INSERT INTO tupa VALUES('2017-03-18 15:14:10',107633,946981);
INSERT INTO tupa VALUES('2017-03-18 15:14:26',107633,946981);
INSERT INTO tupa VALUES('2017-03-18 15:14:41',107633,946981);
INSERT INTO tupa VALUES('2017-03-18 15:15:02',107633,946981);
INSERT INTO tupa VALUES('2017-03-18 15:15:20',107633,946981);
INSERT INTO tupa VALUES('2017-03-18 15:15:40',70583,848530);
INSERT INTO tupa VALUES('2017-03-18 15:15:43',107633,946981);
INSERT INTO tupa VALUES('2017-03-18 15:16:19',107633,946981);
INSERT INTO tupa VALUES('2017-03-18 15:16:42',107633,946981);
INSERT INTO tupa VALUES('2017-03-18 15:17:01',107633,946981);
INSERT INTO tupa VALUES('2017-03-18 15:17:19',107633,946981);
INSERT INTO tupa VALUES('2017-03-18 15:17:38',107633,946981);
INSERT INTO tupa VALUES('2017-03-18 15:17:49',107633,946981);
INSERT INTO tupa VALUES('2017-03-18 15:18:00',107633,946981);
INSERT INTO tupa VALUES('2017-03-18 15:18:12',851732,263305);
INSERT INTO tupa VALUES('2017-03-18 15:18:14',107633,946981);
INSERT INTO tupa VALUES('2017-03-18 15:18:39',851732,263305);
INSERT INTO tupa VALUES('2017-03-18 15:18:45',598957,730129);
INSERT INTO tupa VALUES('2017-03-18 15:18:50',107633,946981);
INSERT INTO tupa VALUES('2017-03-18 15:19:04',107633,946981);
INSERT INTO tupa VALUES('2017-03-18 15:19:14',157681,904739);
INSERT INTO tupa VALUES('2017-03-18 15:19:19',107633,946981);
INSERT INTO tupa VALUES('2017-03-18 15:19:30',675139,216429);
INSERT INTO tupa VALUES('2017-03-18 15:19:44',935138,358042);
INSERT INTO tupa VALUES('2017-03-18 15:19:45',107633,946981);
INSERT INTO tupa VALUES('2017-03-18 15:20:01',107633,946981);
INSERT INTO tupa VALUES('2017-03-18 15:20:12',107633,946981);
INSERT INTO tupa VALUES('2017-03-18 15:20:17',898296,498824);
INSERT INTO tupa VALUES('2017-03-18 15:20:35',898296,498824);
INSERT INTO tupa VALUES('2017-03-18 15:20:44',107633,946981);
INSERT INTO tupa VALUES('2017-03-18 15:21:46',107633,946981);
INSERT INTO tupa VALUES('2017-03-18 15:21:55',663085,179170);
INSERT INTO tupa VALUES('2017-03-18 15:22:09',107633,946981);
INSERT INTO tupa VALUES('2017-03-18 15:22:19',203585,254485);
INSERT INTO tupa VALUES('2017-03-18 15:22:29',107633,946981);
INSERT INTO tupa VALUES('2017-03-18 15:22:42',107633,946981);
INSERT INTO tupa VALUES('2017-03-18 15:22:42',203585,254485);
INSERT INTO tupa VALUES('2017-03-18 15:22:54',409078,848530);
INSERT INTO tupa VALUES('2017-03-18 15:23:01',107633,946981);
INSERT INTO tupa VALUES('2017-03-18 15:23:05',107633,296671);
INSERT INTO tupa VALUES('2017-03-18 15:23:24',107633,296671);
INSERT INTO tupa VALUES('2017-03-18 15:23:24',107633,946981);
INSERT INTO tupa VALUES('2017-03-18 15:23:39',107633,296671);
INSERT INTO tupa VALUES('2017-03-18 15:23:51',107633,946981);
INSERT INTO tupa VALUES('2017-03-18 15:23:59',107633,296671);
INSERT INTO tupa VALUES('2017-03-18 15:24:16',107633,946981);
INSERT INTO tupa VALUES('2017-03-18 15:24:17',107633,296671);
INSERT INTO tupa VALUES('2017-03-18 15:24:36',107633,296671);
INSERT INTO tupa VALUES('2017-03-18 15:24:37',107633,946981);
INSERT INTO tupa VALUES('2017-03-18 15:24:45',578066,296671);
INSERT INTO tupa VALUES('2017-03-18 15:24:48',578066,296671);
INSERT INTO tupa VALUES('2017-03-18 15:25:06',107633,545563);
INSERT INTO tupa VALUES('2017-03-18 15:25:10',107633,946981);
INSERT INTO tupa VALUES('2017-03-18 15:25:38',107633,946981);
INSERT INTO tupa VALUES('2017-03-18 15:25:46',957829,198904);
INSERT INTO tupa VALUES('2017-03-18 15:26:09',107633,946981);
INSERT INTO tupa VALUES('2017-03-18 15:26:13',107633,545563);
INSERT INTO tupa VALUES('2017-03-18 15:26:23',107633,263305);
INSERT INTO tupa VALUES('2017-03-18 15:26:34',957829,545563);
INSERT INTO tupa VALUES('2017-03-18 15:26:43',107633,946981);
INSERT INTO tupa VALUES('2017-03-18 15:27:09',107633,946981);
INSERT INTO tupa VALUES('2017-03-18 15:27:24',107633,946981);
INSERT INTO tupa VALUES('2017-03-18 15:27:26',107633,263305);
INSERT INTO tupa VALUES('2017-03-18 15:27:39',107633,946981);
INSERT INTO tupa VALUES('2017-03-18 15:27:54',464691,904739);
INSERT INTO tupa VALUES('2017-03-18 15:27:55',107633,946981);
INSERT INTO tupa VALUES('2017-03-18 15:28:00',207151,263305);
INSERT INTO tupa VALUES('2017-03-18 15:28:01',207151,263305);
INSERT INTO tupa VALUES('2017-03-18 15:28:14',107633,946981);
INSERT INTO tupa VALUES('2017-03-18 15:28:21',107633,263305);
INSERT INTO tupa VALUES('2017-03-18 15:28:33',107633,946981);
INSERT INTO tupa VALUES('2017-03-18 15:28:55',107633,946981);
INSERT INTO tupa VALUES('2017-03-18 15:29:17',107633,946981);
INSERT INTO tupa VALUES('2017-03-18 15:29:21',409078,114406);
INSERT INTO tupa VALUES('2017-03-18 15:29:31',107633,946981);
INSERT INTO tupa VALUES('2017-03-18 15:29:49',107633,946981);
INSERT INTO tupa VALUES('2017-03-18 15:30:11',107633,946981);
INSERT INTO tupa VALUES('2017-03-18 15:30:35',107633,946981);
INSERT INTO tupa VALUES('2017-03-18 15:30:48',300355,946981);
INSERT INTO tupa VALUES('2017-03-18 15:31:41',190028,358042);
INSERT INTO tupa VALUES('2017-03-18 15:33:00',107633,666263);
INSERT INTO tupa VALUES('2017-03-18 15:33:23',107633,666263);
INSERT INTO tupa VALUES('2017-03-18 15:33:45',805541,114406);
INSERT INTO tupa VALUES('2017-03-18 15:33:48',107633,848530);
INSERT INTO tupa VALUES('2017-03-18 15:33:49',107633,848530);
INSERT INTO tupa VALUES('2017-03-18 15:34:03',107633,848530);
INSERT INTO tupa VALUES('2017-03-18 15:34:22',107633,848530);
INSERT INTO tupa VALUES('2017-03-18 15:34:27',107633,848530);
INSERT INTO tupa VALUES('2017-03-18 15:34:47',107633,848530);
INSERT INTO tupa VALUES('2017-03-18 15:34:56',107633,848530);
INSERT INTO tupa VALUES('2017-03-18 15:35:04',107633,666263);
INSERT INTO tupa VALUES('2017-03-18 15:35:24',107633,848530);
INSERT INTO tupa VALUES('2017-03-18 15:35:25',107633,848530);
INSERT INTO tupa VALUES('2017-03-18 15:35:26',107633,666263);
INSERT INTO tupa VALUES('2017-03-18 15:35:40',867508,179170);
INSERT INTO tupa VALUES('2017-03-18 15:35:41',107633,848530);
INSERT INTO tupa VALUES('2017-03-18 15:35:43',107633,848530);
INSERT INTO tupa VALUES('2017-03-18 15:35:51',107633,805774);
INSERT INTO tupa VALUES('2017-03-18 15:35:56',107633,666263);
INSERT INTO tupa VALUES('2017-03-18 15:36:06',487666,666263);
INSERT INTO tupa VALUES('2017-03-18 15:36:18',107633,848530);
INSERT INTO tupa VALUES('2017-03-18 15:36:40',107633,805774);
INSERT INTO tupa VALUES('2017-03-18 15:36:40',598957,498824);
INSERT INTO tupa VALUES('2017-03-18 15:36:43',598957,498824);
INSERT INTO tupa VALUES('2017-03-18 15:36:45',409078,198904);
INSERT INTO tupa VALUES('2017-03-18 15:36:47',402636,946981);
INSERT INTO tupa VALUES('2017-03-18 15:36:57',107633,848530);
INSERT INTO tupa VALUES('2017-03-18 15:36:58',107633,848530);
INSERT INTO tupa VALUES('2017-03-18 15:37:08',107633,263305);
INSERT INTO tupa VALUES('2017-03-18 15:37:09',107633,263305);
INSERT INTO tupa VALUES('2017-03-18 15:37:19',107633,848530);
INSERT INTO tupa VALUES('2017-03-18 15:37:35',107633,263305);
INSERT INTO tupa VALUES('2017-03-18 15:37:38',107633,114406);
INSERT INTO tupa VALUES('2017-03-18 15:37:47',107633,848530);
INSERT INTO tupa VALUES('2017-03-18 15:38:03',107633,848530);
INSERT INTO tupa VALUES('2017-03-18 15:38:23',805426,904739);
INSERT INTO tupa VALUES('2017-03-18 15:38:29',107633,263305);
INSERT INTO tupa VALUES('2017-03-18 15:38:31',107633,848530);
INSERT INTO tupa VALUES('2017-03-18 15:38:36',107633,114406);
INSERT INTO tupa VALUES('2017-03-18 15:38:37',107633,848530);
INSERT INTO tupa VALUES('2017-03-18 15:38:56',107633,848530);
INSERT INTO tupa VALUES('2017-03-18 15:39:01',296628,114406);
INSERT INTO tupa VALUES('2017-03-18 15:39:24',107633,848530);
INSERT INTO tupa VALUES('2017-03-18 15:39:29',107633,848530);
INSERT INTO tupa VALUES('2017-03-18 15:39:53',107633,848530);
INSERT INTO tupa VALUES('2017-03-18 15:40:06',107633,848530);
INSERT INTO tupa VALUES('2017-03-18 15:40:11',107633,263305);
INSERT INTO tupa VALUES('2017-03-18 15:40:18',107633,263305);
INSERT INTO tupa VALUES('2017-03-18 15:40:37',464691,358042);
INSERT INTO tupa VALUES('2017-03-18 15:40:56',70583,198904);
INSERT INTO tupa VALUES('2017-03-18 15:41:15',107633,848530);
INSERT INTO tupa VALUES('2017-03-18 15:41:20',663085,196215);
INSERT INTO tupa VALUES('2017-03-18 15:41:37',107633,263305);
INSERT INTO tupa VALUES('2017-03-18 15:41:41',663085,196215);
INSERT INTO tupa VALUES('2017-03-18 15:43:19',107633,848530);
INSERT INTO tupa VALUES('2017-03-18 15:44:08',107633,848530);
INSERT INTO tupa VALUES('2017-03-18 15:44:08',675139,904739);
INSERT INTO tupa VALUES('2017-03-18 15:44:09',358431,498824);
INSERT INTO tupa VALUES('2017-03-18 15:44:23',107633,179170);
INSERT INTO tupa VALUES('2017-03-18 15:44:27',358431,498824);
INSERT INTO tupa VALUES('2017-03-18 15:44:29',289498,946981);
INSERT INTO tupa VALUES('2017-03-18 15:44:29',381150,198904);
INSERT INTO tupa VALUES('2017-03-18 15:45:34',107633,730129);
INSERT INTO tupa VALUES('2017-03-18 15:45:49',107633,730129);
INSERT INTO tupa VALUES('2017-03-18 15:46:03',644521,730129);
INSERT INTO tupa VALUES('2017-03-18 15:46:30',107633,179170);
INSERT INTO tupa VALUES('2017-03-18 15:46:57',107633,179170);
INSERT INTO tupa VALUES('2017-03-18 15:47:31',107633,848530);
INSERT INTO tupa VALUES('2017-03-18 15:48:17',204030,114406);
INSERT INTO tupa VALUES('2017-03-18 15:48:30',107633,848530);
INSERT INTO tupa VALUES('2017-03-18 15:48:44',107633,848530);
INSERT INTO tupa VALUES('2017-03-18 15:49:04',157681,358042);
INSERT INTO tupa VALUES('2017-03-18 15:49:15',107633,848530);
INSERT INTO tupa VALUES('2017-03-18 15:49:31',107633,848530);
INSERT INTO tupa VALUES('2017-03-18 15:49:59',107633,848530);
INSERT INTO tupa VALUES('2017-03-18 15:50:13',107633,848530);
INSERT INTO tupa VALUES('2017-03-18 15:50:22',107633,848530);
INSERT INTO tupa VALUES('2017-03-18 15:50:34',107633,848530);
INSERT INTO tupa VALUES('2017-03-18 15:50:54',107633,848530);
INSERT INTO tupa VALUES('2017-03-18 15:50:55',107633,848530);
INSERT INTO tupa VALUES('2017-03-18 15:50:58',107633,545563);
INSERT INTO tupa VALUES('2017-03-18 15:51:15',107633,848530);
INSERT INTO tupa VALUES('2017-03-18 15:51:16',107633,848530);
INSERT INTO tupa VALUES('2017-03-18 15:51:37',107633,848530);
INSERT INTO tupa VALUES('2017-03-18 15:51:40',107633,848530);
INSERT INTO tupa VALUES('2017-03-18 15:51:52',107633,848530);
INSERT INTO tupa VALUES('2017-03-18 15:52:05',107633,848530);
INSERT INTO tupa VALUES('2017-03-18 15:52:26',107633,848530);
INSERT INTO tupa VALUES('2017-03-18 15:52:57',70583,114406);
INSERT INTO tupa VALUES('2017-03-18 15:53:01',107633,848530);
INSERT INTO tupa VALUES('2017-03-18 15:53:04',107633,545563);
INSERT INTO tupa VALUES('2017-03-18 15:53:29',610865,254485);
INSERT INTO tupa VALUES('2017-03-18 15:53:37',107633,848530);
INSERT INTO tupa VALUES('2017-03-18 15:53:39',107633,545563);
INSERT INTO tupa VALUES('2017-03-18 15:54:19',107633,545563);
INSERT INTO tupa VALUES('2017-03-18 15:54:50',107633,545563);
INSERT INTO tupa VALUES('2017-03-18 15:55:21',107633,545563);
INSERT INTO tupa VALUES('2017-03-18 15:55:35',107633,545563);
INSERT INTO tupa VALUES('2017-03-18 15:55:45',107633,848530);
INSERT INTO tupa VALUES('2017-03-18 15:55:53',107633,545563);
INSERT INTO tupa VALUES('2017-03-18 15:55:54',107633,848530);
INSERT INTO tupa VALUES('2017-03-18 15:55:57',107633,545563);
INSERT INTO tupa VALUES('2017-03-18 15:56:03',107633,848530);
INSERT INTO tupa VALUES('2017-03-18 15:56:06',675139,358042);
INSERT INTO tupa VALUES('2017-03-18 15:56:13',107633,848530);
INSERT INTO tupa VALUES('2017-03-18 15:56:19',107633,848530);
INSERT INTO tupa VALUES('2017-03-18 15:56:28',107633,545563);
INSERT INTO tupa VALUES('2017-03-18 15:56:29',381150,114406);
INSERT INTO tupa VALUES('2017-03-18 15:56:30',257972,848530);
INSERT INTO tupa VALUES('2017-03-18 15:56:37',107633,545563);
INSERT INTO tupa VALUES('2017-03-18 15:56:37',107633,848530);
INSERT INTO tupa VALUES('2017-03-18 15:56:44',107633,545563);
INSERT INTO tupa VALUES('2017-03-18 15:56:57',257972,545563);
INSERT INTO tupa VALUES('2017-03-18 15:58:03',107633,805774);
INSERT INTO tupa VALUES('2017-03-18 15:58:37',950409,805774);
INSERT INTO tupa VALUES('2017-03-18 15:59:20',482385,179170);
INSERT INTO tupa VALUES('2017-03-18 16:00:08',368748,498824);
INSERT INTO tupa VALUES('2017-03-18 16:00:23',368748,498824);
INSERT INTO tupa VALUES('2017-03-18 16:01:18',107633,114406);
INSERT INTO tupa VALUES('2017-03-18 16:02:09',107633,114406);
INSERT INTO tupa VALUES('2017-03-18 16:02:33',107633,198904);
INSERT INTO tupa VALUES('2017-03-18 16:02:55',107633,946981);
INSERT INTO tupa VALUES('2017-03-18 16:02:58',451379,114406);
INSERT INTO tupa VALUES('2017-03-18 16:03:14',107633,946981);
INSERT INTO tupa VALUES('2017-03-18 16:03:43',107633,946981);
INSERT INTO tupa VALUES('2017-03-18 16:04:10',107633,946981);
INSERT INTO tupa VALUES('2017-03-18 16:04:27',875640,198904);
INSERT INTO tupa VALUES('2017-03-18 16:04:37',107633,946981);
INSERT INTO tupa VALUES('2017-03-18 16:04:48',107633,196215);
INSERT INTO tupa VALUES('2017-03-18 16:05:02',107633,946981);
INSERT INTO tupa VALUES('2017-03-18 16:05:25',561543,196215);
INSERT INTO tupa VALUES('2017-03-18 16:05:26',107633,196215);
INSERT INTO tupa VALUES('2017-03-18 16:05:43',107633,196215);
INSERT INTO tupa VALUES('2017-03-18 16:05:47',107633,946981);
INSERT INTO tupa VALUES('2017-03-18 16:05:56',561543,196215);
INSERT INTO tupa VALUES('2017-03-18 16:06:19',687183,805774);
INSERT INTO tupa VALUES('2017-03-18 16:06:41',107633,946981);
INSERT INTO tupa VALUES('2017-03-18 16:07:19',107633,545563);
INSERT INTO tupa VALUES('2017-03-18 16:07:29',598957,848530);
INSERT INTO tupa VALUES('2017-03-18 16:07:44',207151,254485);
INSERT INTO tupa VALUES('2017-03-18 16:07:47',675139,296671);
INSERT INTO tupa VALUES('2017-03-18 16:07:49',598957,545563);
INSERT INTO tupa VALUES('2017-03-18 16:09:36',47624,179170);
INSERT INTO tupa VALUES('2017-03-18 16:10:54',107633,114406);
INSERT INTO tupa VALUES('2017-03-18 16:11:14',107633,114406);
INSERT INTO tupa VALUES('2017-03-18 16:11:31',277412,114406);
INSERT INTO tupa VALUES('2017-03-18 16:11:54',358431,848530);
INSERT INTO tupa VALUES('2017-03-18 16:11:57',675139,263305);
INSERT INTO tupa VALUES('2017-03-18 16:12:01',467748,946981);
INSERT INTO tupa VALUES('2017-03-18 16:12:17',675139,263305);
INSERT INTO tupa VALUES('2017-03-18 16:12:41',358431,545563);
INSERT INTO tupa VALUES('2017-03-18 16:13:31',407948,498824);
INSERT INTO tupa VALUES('2017-03-18 16:13:32',407948,498824);
INSERT INTO tupa VALUES('2017-03-18 16:14:38',107633,730129);
INSERT INTO tupa VALUES('2017-03-18 16:15:45',107633,730129);
INSERT INTO tupa VALUES('2017-03-18 16:15:45',465350,730129);
INSERT INTO tupa VALUES('2017-03-18 16:18:23',248133,179170);
INSERT INTO tupa VALUES('2017-03-18 16:18:36',282269,196215);
INSERT INTO tupa VALUES('2017-03-18 16:18:38',282269,196215);
INSERT INTO tupa VALUES('2017-03-18 16:18:53',972355,114406);
INSERT INTO tupa VALUES('2017-03-18 16:22:30',501207,498824);
INSERT INTO tupa VALUES('2017-03-18 16:22:36',501207,498824);
INSERT INTO tupa VALUES('2017-03-18 16:24:56',368748,848530);
INSERT INTO tupa VALUES('2017-03-18 16:26:46',289498,666263);
INSERT INTO tupa VALUES('2017-03-18 16:27:11',107633,946981);
INSERT INTO tupa VALUES('2017-03-18 16:27:28',107633,946981);
INSERT INTO tupa VALUES('2017-03-18 16:27:31',107633,179170);
INSERT INTO tupa VALUES('2017-03-18 16:27:35',399755,498824);
INSERT INTO tupa VALUES('2017-03-18 16:27:49',458786,946981);
INSERT INTO tupa VALUES('2017-03-18 16:28:04',309098,179170);
INSERT INTO tupa VALUES('2017-03-18 16:28:56',368748,545563);
INSERT INTO tupa VALUES('2017-03-18 16:29:04',107633,805774);
INSERT INTO tupa VALUES('2017-03-18 16:29:16',851732,254485);
INSERT INTO tupa VALUES('2017-03-18 16:29:50',750942,805774);
INSERT INTO tupa VALUES('2017-03-18 16:32:47',107633,196215);
INSERT INTO tupa VALUES('2017-03-18 16:33:01',107633,196215);
INSERT INTO tupa VALUES('2017-03-18 16:34:35',451379,198904);
INSERT INTO tupa VALUES('2017-03-18 16:39:54',963602,805774);
INSERT INTO tupa VALUES('2017-03-18 16:40:19',810855,498824);
INSERT INTO tupa VALUES('2017-03-18 16:40:25',810855,498824);
INSERT INTO tupa VALUES('2017-03-18 16:41:41',107633,545563);
INSERT INTO tupa VALUES('2017-03-18 16:41:46',407948,848530);
INSERT INTO tupa VALUES('2017-03-18 16:42:05',277412,198904);
INSERT INTO tupa VALUES('2017-03-18 16:42:09',107633,545563);
INSERT INTO tupa VALUES('2017-03-18 16:42:31',107633,545563);
INSERT INTO tupa VALUES('2017-03-18 16:42:55',107633,545563);
INSERT INTO tupa VALUES('2017-03-18 16:43:11',985198,254485);
INSERT INTO tupa VALUES('2017-03-18 16:43:39',107633,545563);
INSERT INTO tupa VALUES('2017-03-18 16:43:41',107633,545563);
INSERT INTO tupa VALUES('2017-03-18 16:44:06',107633,545563);
INSERT INTO tupa VALUES('2017-03-18 16:44:10',107633,545563);
INSERT INTO tupa VALUES('2017-03-18 16:44:26',259460,730129);
INSERT INTO tupa VALUES('2017-03-18 16:44:29',107633,545563);
INSERT INTO tupa VALUES('2017-03-18 16:44:45',107633,545563);
INSERT INTO tupa VALUES('2017-03-18 16:44:53',107633,545563);
INSERT INTO tupa VALUES('2017-03-18 16:45:02',402636,666263);
INSERT INTO tupa VALUES('2017-03-18 16:45:03',107633,545563);
INSERT INTO tupa VALUES('2017-03-18 16:45:04',107633,545563);
INSERT INTO tupa VALUES('2017-03-18 16:45:15',107633,545563);
INSERT INTO tupa VALUES('2017-03-18 16:45:23',107633,196215);
INSERT INTO tupa VALUES('2017-03-18 16:45:25',478199,545563);
INSERT INTO tupa VALUES('2017-03-18 16:47:19',546594,196215);
INSERT INTO tupa VALUES('2017-03-18 16:47:22',546594,196215);
INSERT INTO tupa VALUES('2017-03-18 16:47:31',972355,198904);
INSERT INTO tupa VALUES('2017-03-18 16:47:40',990209,114406);
INSERT INTO tupa VALUES('2017-03-18 16:47:45',985198,805774);
INSERT INTO tupa VALUES('2017-03-18 16:49:01',501207,179170);
INSERT INTO tupa VALUES('2017-03-18 16:51:11',107633,666263);
INSERT INTO tupa VALUES('2017-03-18 16:51:28',107633,666263);
INSERT INTO tupa VALUES('2017-03-18 16:52:44',107633,666263);
INSERT INTO tupa VALUES('2017-03-18 16:53:20',107633,666263);
INSERT INTO tupa VALUES('2017-03-18 16:53:26',407948,545563);
INSERT INTO tupa VALUES('2017-03-18 16:53:33',107633,666263);
INSERT INTO tupa VALUES('2017-03-18 16:53:45',107633,666263);
INSERT INTO tupa VALUES('2017-03-18 16:53:55',107633,198904);
INSERT INTO tupa VALUES('2017-03-18 16:54:06',107633,666263);
INSERT INTO tupa VALUES('2017-03-18 16:54:36',107633,666263);
INSERT INTO tupa VALUES('2017-03-18 16:54:52',107633,666263);
INSERT INTO tupa VALUES('2017-03-18 16:54:55',851732,805774);
INSERT INTO tupa VALUES('2017-03-18 16:55:07',107633,666263);
INSERT INTO tupa VALUES('2017-03-18 16:55:14',204030,198904);
INSERT INTO tupa VALUES('2017-03-18 16:55:21',107633,666263);
INSERT INTO tupa VALUES('2017-03-18 16:55:34',107633,666263);
INSERT INTO tupa VALUES('2017-03-18 16:55:46',107633,666263);
INSERT INTO tupa VALUES('2017-03-18 16:56:01',107633,848530);
INSERT INTO tupa VALUES('2017-03-18 16:56:23',849643,848530);
INSERT INTO tupa VALUES('2017-03-18 16:56:32',107633,666263);
INSERT INTO tupa VALUES('2017-03-18 16:56:45',107633,666263);
INSERT INTO tupa VALUES('2017-03-18 16:57:01',107633,666263);
INSERT INTO tupa VALUES('2017-03-18 16:57:19',107633,666263);
INSERT INTO tupa VALUES('2017-03-18 16:57:35',107633,666263);
INSERT INTO tupa VALUES('2017-03-18 16:57:40',731288,730129);
INSERT INTO tupa VALUES('2017-03-18 16:57:44',849643,179170);
INSERT INTO tupa VALUES('2017-03-18 16:58:00',107633,666263);
INSERT INTO tupa VALUES('2017-03-18 16:58:02',309098,498824);
INSERT INTO tupa VALUES('2017-03-18 16:58:08',309098,498824);
INSERT INTO tupa VALUES('2017-03-18 16:58:12',107633,666263);
INSERT INTO tupa VALUES('2017-03-18 16:58:24',107633,666263);
INSERT INTO tupa VALUES('2017-03-18 16:58:37',107633,666263);
INSERT INTO tupa VALUES('2017-03-18 16:58:43',963602,254485);
INSERT INTO tupa VALUES('2017-03-18 16:59:43',107633,666263);
INSERT INTO tupa VALUES('2017-03-18 17:00:09',950409,196215);
INSERT INTO tupa VALUES('2017-03-18 17:00:13',805541,198904);
INSERT INTO tupa VALUES('2017-03-18 17:00:25',950409,196215);
INSERT INTO tupa VALUES('2017-03-18 17:00:46',107633,666263);
INSERT INTO tupa VALUES('2017-03-18 17:01:00',107633,666263);
INSERT INTO tupa VALUES('2017-03-18 17:01:12',107633,666263);
INSERT INTO tupa VALUES('2017-03-18 17:01:30',107633,666263);
INSERT INTO tupa VALUES('2017-03-18 17:02:06',107633,545563);
INSERT INTO tupa VALUES('2017-03-18 17:02:06',107633,666263);
INSERT INTO tupa VALUES('2017-03-18 17:02:30',107633,545563);
INSERT INTO tupa VALUES('2017-03-18 17:02:30',107633,666263);
INSERT INTO tupa VALUES('2017-03-18 17:02:42',107633,666263);
INSERT INTO tupa VALUES('2017-03-18 17:02:53',107633,545563);
INSERT INTO tupa VALUES('2017-03-18 17:02:57',107633,666263);
INSERT INTO tupa VALUES('2017-03-18 17:03:17',107633,545563);
INSERT INTO tupa VALUES('2017-03-18 17:03:48',107633,545563);
INSERT INTO tupa VALUES('2017-03-18 17:04:10',107633,545563);
INSERT INTO tupa VALUES('2017-03-18 17:04:34',107633,545563);
INSERT INTO tupa VALUES('2017-03-18 17:04:53',107633,114406);
INSERT INTO tupa VALUES('2017-03-18 17:05:04',207151,805774);
INSERT INTO tupa VALUES('2017-03-18 17:05:07',107633,545563);
INSERT INTO tupa VALUES('2017-03-18 17:05:23',107633,848530);
INSERT INTO tupa VALUES('2017-03-18 17:05:29',296628,198904);
INSERT INTO tupa VALUES('2017-03-18 17:05:40',107633,666263);
INSERT INTO tupa VALUES('2017-03-18 17:05:49',107633,848530);
INSERT INTO tupa VALUES('2017-03-18 17:05:50',107633,545563);
INSERT INTO tupa VALUES('2017-03-18 17:05:57',107633,545563);
INSERT INTO tupa VALUES('2017-03-18 17:06:02',107633,545563);
INSERT INTO tupa VALUES('2017-03-18 17:06:02',107633,666263);
INSERT INTO tupa VALUES('2017-03-18 17:06:13',107633,848530);
INSERT INTO tupa VALUES('2017-03-18 17:06:20',107633,545563);
INSERT INTO tupa VALUES('2017-03-18 17:06:24',107633,666263);
INSERT INTO tupa VALUES('2017-03-18 17:06:26',107633,666263);
INSERT INTO tupa VALUES('2017-03-18 17:06:30',107633,848530);
INSERT INTO tupa VALUES('2017-03-18 17:06:32',107633,545563);
INSERT INTO tupa VALUES('2017-03-18 17:06:37',107633,666263);
INSERT INTO tupa VALUES('2017-03-18 17:06:41',501207,848530);
INSERT INTO tupa VALUES('2017-03-18 17:06:48',107633,545563);
INSERT INTO tupa VALUES('2017-03-18 17:06:52',107633,666263);
INSERT INTO tupa VALUES('2017-03-18 17:06:55',107633,666263);
INSERT INTO tupa VALUES('2017-03-18 17:06:59',289498,114406);
INSERT INTO tupa VALUES('2017-03-18 17:07:04',107633,666263);
INSERT INTO tupa VALUES('2017-03-18 17:07:07',572809,545563);
INSERT INTO tupa VALUES('2017-03-18 17:07:12',107633,545563);
INSERT INTO tupa VALUES('2017-03-18 17:07:14',107633,666263);
INSERT INTO tupa VALUES('2017-03-18 17:07:27',107633,666263);
INSERT INTO tupa VALUES('2017-03-18 17:07:39',107633,666263);
INSERT INTO tupa VALUES('2017-03-18 17:07:47',107633,666263);
INSERT INTO tupa VALUES('2017-03-18 17:07:54',107633,666263);
INSERT INTO tupa VALUES('2017-03-18 17:08:04',107633,666263);
INSERT INTO tupa VALUES('2017-03-18 17:08:05',107633,666263);
INSERT INTO tupa VALUES('2017-03-18 17:08:18',107633,666263);
INSERT INTO tupa VALUES('2017-03-18 17:08:28',107633,666263);
INSERT INTO tupa VALUES('2017-03-18 17:09:01',107633,666263);
INSERT INTO tupa VALUES('2017-03-18 17:09:02',107633,498824);
INSERT INTO tupa VALUES('2017-03-18 17:09:08',107633,666263);
INSERT INTO tupa VALUES('2017-03-18 17:09:12',107633,498824);
INSERT INTO tupa VALUES('2017-03-18 17:09:14',107633,666263);
INSERT INTO tupa VALUES('2017-03-18 17:09:26',402636,179170);
INSERT INTO tupa VALUES('2017-03-18 17:09:27',107633,666263);
INSERT INTO tupa VALUES('2017-03-18 17:09:37',107633,498824);
INSERT INTO tupa VALUES('2017-03-18 17:09:41',107633,666263);
INSERT INTO tupa VALUES('2017-03-18 17:09:41',248133,498824);
INSERT INTO tupa VALUES('2017-03-18 17:09:50',107633,666263);
INSERT INTO tupa VALUES('2017-03-18 17:09:53',107633,666263);
INSERT INTO tupa VALUES('2017-03-18 17:10:23',107633,666263);
INSERT INTO tupa VALUES('2017-03-18 17:10:28',107633,666263);
INSERT INTO tupa VALUES('2017-03-18 17:10:43',107633,666263);
INSERT INTO tupa VALUES('2017-03-18 17:10:51',107633,666263);
INSERT INTO tupa VALUES('2017-03-18 17:10:57',107633,666263);
INSERT INTO tupa VALUES('2017-03-18 17:11:07',107633,666263);
INSERT INTO tupa VALUES('2017-03-18 17:11:08',107633,666263);
INSERT INTO tupa VALUES('2017-03-18 17:11:18',107633,666263);
INSERT INTO tupa VALUES('2017-03-18 17:11:52',107633,666263);
INSERT INTO tupa VALUES('2017-03-18 17:11:52',107633,730129);
INSERT INTO tupa VALUES('2017-03-18 17:11:53',107633,196215);
INSERT INTO tupa VALUES('2017-03-18 17:12:02',107633,666263);
INSERT INTO tupa VALUES('2017-03-18 17:12:14',107633,666263);
INSERT INTO tupa VALUES('2017-03-18 17:12:25',107633,666263);
INSERT INTO tupa VALUES('2017-03-18 17:12:37',107633,666263);
INSERT INTO tupa VALUES('2017-03-18 17:12:43',687183,196215);
INSERT INTO tupa VALUES('2017-03-18 17:12:47',107633,666263);
INSERT INTO tupa VALUES('2017-03-18 17:12:48',107633,666263);
INSERT INTO tupa VALUES('2017-03-18 17:12:52',687183,196215);
INSERT INTO tupa VALUES('2017-03-18 17:12:56',107633,730129);
INSERT INTO tupa VALUES('2017-03-18 17:12:58',107633,666263);
INSERT INTO tupa VALUES('2017-03-18 17:13:17',107633,666263);
INSERT INTO tupa VALUES('2017-03-18 17:13:21',107633,666263);
INSERT INTO tupa VALUES('2017-03-18 17:13:22',107633,848530);
INSERT INTO tupa VALUES('2017-03-18 17:13:30',107633,666263);
INSERT INTO tupa VALUES('2017-03-18 17:13:32',107633,848530);
INSERT INTO tupa VALUES('2017-03-18 17:13:34',107633,666263);
INSERT INTO tupa VALUES('2017-03-18 17:13:35',107633,730129);
INSERT INTO tupa VALUES('2017-03-18 17:13:47',107633,848530);
INSERT INTO tupa VALUES('2017-03-18 17:13:51',107633,848530);
INSERT INTO tupa VALUES('2017-03-18 17:13:53',107633,666263);
INSERT INTO tupa VALUES('2017-03-18 17:14:03',107633,666263);
INSERT INTO tupa VALUES('2017-03-18 17:14:04',107633,848530);
INSERT INTO tupa VALUES('2017-03-18 17:14:06',107633,666263);
INSERT INTO tupa VALUES('2017-03-18 17:14:08',107633,848530);
INSERT INTO tupa VALUES('2017-03-18 17:14:17',107633,666263);
INSERT INTO tupa VALUES('2017-03-18 17:14:27',107633,730129);
INSERT INTO tupa VALUES('2017-03-18 17:14:29',107633,848530);
INSERT INTO tupa VALUES('2017-03-18 17:14:30',107633,848530);
INSERT INTO tupa VALUES('2017-03-18 17:14:37',107633,666263);
INSERT INTO tupa VALUES('2017-03-18 17:14:40',107633,179170);
INSERT INTO tupa VALUES('2017-03-18 17:14:48',107633,848530);
INSERT INTO tupa VALUES('2017-03-18 17:14:49',107633,666263);
INSERT INTO tupa VALUES('2017-03-18 17:14:51',107633,848530);
INSERT INTO tupa VALUES('2017-03-18 17:14:55',107633,666263);
INSERT INTO tupa VALUES('2017-03-18 17:15:09',572809,848530);
INSERT INTO tupa VALUES('2017-03-18 17:15:10',107633,848530);
INSERT INTO tupa VALUES('2017-03-18 17:15:13',107633,666263);
INSERT INTO tupa VALUES('2017-03-18 17:15:18',687183,254485);
INSERT INTO tupa VALUES('2017-03-18 17:15:21',107633,179170);
INSERT INTO tupa VALUES('2017-03-18 17:15:23',107633,666263);
INSERT INTO tupa VALUES('2017-03-18 17:15:30',107633,666263);
INSERT INTO tupa VALUES('2017-03-18 17:15:34',107633,666263);
INSERT INTO tupa VALUES('2017-03-18 17:15:34',107633,730129);
INSERT INTO tupa VALUES('2017-03-18 17:15:44',107633,666263);
INSERT INTO tupa VALUES('2017-03-18 17:15:46',107633,730129);
INSERT INTO tupa VALUES('2017-03-18 17:15:47',107633,179170);
INSERT INTO tupa VALUES('2017-03-18 17:15:52',107633,179170);
INSERT INTO tupa VALUES('2017-03-18 17:15:55',107633,666263);
INSERT INTO tupa VALUES('2017-03-18 17:15:57',107633,666263);
INSERT INTO tupa VALUES('2017-03-18 17:16:02',107633,179170);
INSERT INTO tupa VALUES('2017-03-18 17:16:03',107633,730129);
INSERT INTO tupa VALUES('2017-03-18 17:16:10',107633,666263);
INSERT INTO tupa VALUES('2017-03-18 17:16:11',107633,666263);
INSERT INTO tupa VALUES('2017-03-18 17:16:11',458786,114406);
INSERT INTO tupa VALUES('2017-03-18 17:16:15',107633,179170);
INSERT INTO tupa VALUES('2017-03-18 17:16:17',107633,730129);
INSERT INTO tupa VALUES('2017-03-18 17:16:18',107633,179170);
INSERT INTO tupa VALUES('2017-03-18 17:16:21',107633,666263);
INSERT INTO tupa VALUES('2017-03-18 17:16:30',107633,179170);
INSERT INTO tupa VALUES('2017-03-18 17:16:30',107633,730129);
INSERT INTO tupa VALUES('2017-03-18 17:16:37',107633,666263);
INSERT INTO tupa VALUES('2017-03-18 17:16:44',107633,179170);
INSERT INTO tupa VALUES('2017-03-18 17:16:44',107633,666263);
INSERT INTO tupa VALUES('2017-03-18 17:16:47',107633,179170);
INSERT INTO tupa VALUES('2017-03-18 17:16:47',107633,730129);
INSERT INTO tupa VALUES('2017-03-18 17:16:52',107633,666263);
INSERT INTO tupa VALUES('2017-03-18 17:16:55',257972,730129);
INSERT INTO tupa VALUES('2017-03-18 17:16:58',107633,179170);
INSERT INTO tupa VALUES('2017-03-18 17:16:59',107633,666263);
INSERT INTO tupa VALUES('2017-03-18 17:17:02',107633,666263);
INSERT INTO tupa VALUES('2017-03-18 17:17:13',107633,666263);
INSERT INTO tupa VALUES('2017-03-18 17:17:14',107633,179170);
INSERT INTO tupa VALUES('2017-03-18 17:17:21',107633,179170);
INSERT INTO tupa VALUES('2017-03-18 17:17:30',107633,179170);
INSERT INTO tupa VALUES('2017-03-18 17:17:41',107633,666263);
INSERT INTO tupa VALUES('2017-03-18 17:17:49',107633,179170);
INSERT INTO tupa VALUES('2017-03-18 17:18:00',107633,179170);
INSERT INTO tupa VALUES('2017-03-18 17:18:03',107633,666263);
INSERT INTO tupa VALUES('2017-03-18 17:18:04',107633,179170);
INSERT INTO tupa VALUES('2017-03-18 17:18:17',107633,666263);
INSERT INTO tupa VALUES('2017-03-18 17:18:19',990209,198904);
INSERT INTO tupa VALUES('2017-03-18 17:18:22',107633,179170);
INSERT INTO tupa VALUES('2017-03-18 17:18:34',107633,666263);
INSERT INTO tupa VALUES('2017-03-18 17:18:50',107633,666263);
INSERT INTO tupa VALUES('2017-03-18 17:19:08',107633,666263);
INSERT INTO tupa VALUES('2017-03-18 17:19:24',107633,666263);
INSERT INTO tupa VALUES('2017-03-18 17:19:42',107633,666263);
INSERT INTO tupa VALUES('2017-03-18 17:20:01',107633,666263);
INSERT INTO tupa VALUES('2017-03-18 17:20:14',107633,666263);
INSERT INTO tupa VALUES('2017-03-18 17:20:28',107633,666263);
INSERT INTO tupa VALUES('2017-03-18 17:20:54',107633,666263);
INSERT INTO tupa VALUES('2017-03-18 17:21:13',107633,666263);
INSERT INTO tupa VALUES('2017-03-18 17:21:19',478199,666263);
INSERT INTO tupa VALUES('2017-03-18 17:21:37',358431,179170);
INSERT INTO tupa VALUES('2017-03-18 17:24:15',107633,805774);
INSERT INTO tupa VALUES('2017-03-18 17:24:45',107633,805774);
INSERT INTO tupa VALUES('2017-03-18 17:24:48',107633,730129);
INSERT INTO tupa VALUES('2017-03-18 17:25:03',598957,179170);
INSERT INTO tupa VALUES('2017-03-18 17:25:27',107633,730129);
INSERT INTO tupa VALUES('2017-03-18 17:25:36',107633,805774);
INSERT INTO tupa VALUES('2017-03-18 17:25:42',950409,254485);
INSERT INTO tupa VALUES('2017-03-18 17:25:58',107633,730129);
INSERT INTO tupa VALUES('2017-03-18 17:27:02',107633,805774);
INSERT INTO tupa VALUES('2017-03-18 17:27:10',409078,730129);
INSERT INTO tupa VALUES('2017-03-18 17:28:11',107633,805774);
INSERT INTO tupa VALUES('2017-03-18 17:29:39',126163,198904);
INSERT INTO tupa VALUES('2017-03-18 17:30:27',107633,805774);
INSERT INTO tupa VALUES('2017-03-18 17:30:36',248133,848530);
INSERT INTO tupa VALUES('2017-03-18 17:31:00',418872,498824);
INSERT INTO tupa VALUES('2017-03-18 17:31:05',107633,196215);
INSERT INTO tupa VALUES('2017-03-18 17:31:13',418872,498824);
INSERT INTO tupa VALUES('2017-03-18 17:31:20',467748,114406);
INSERT INTO tupa VALUES('2017-03-18 17:32:21',107633,805774);
INSERT INTO tupa VALUES('2017-03-18 17:33:15',107633,805774);
INSERT INTO tupa VALUES('2017-03-18 17:34:11',963602,196215);
INSERT INTO tupa VALUES('2017-03-18 17:34:20',963602,196215);
INSERT INTO tupa VALUES('2017-03-18 17:34:23',107633,805774);
INSERT INTO tupa VALUES('2017-03-18 17:35:35',248133,545563);
INSERT INTO tupa VALUES('2017-03-18 17:36:47',107633,666263);
INSERT INTO tupa VALUES('2017-03-18 17:37:03',107633,666263);
INSERT INTO tupa VALUES('2017-03-18 17:37:06',107633,179170);
INSERT INTO tupa VALUES('2017-03-18 17:37:20',107633,666263);
INSERT INTO tupa VALUES('2017-03-18 17:37:40',296628,179170);
INSERT INTO tupa VALUES('2017-03-18 17:37:40',407948,666263);
INSERT INTO tupa VALUES('2017-03-18 17:39:42',107633,498824);
INSERT INTO tupa VALUES('2017-03-18 17:39:58',107633,805774);
INSERT INTO tupa VALUES('2017-03-18 17:40:20',107633,805774);
INSERT INTO tupa VALUES('2017-03-18 17:40:28',107633,498824);
INSERT INTO tupa VALUES('2017-03-18 17:40:33',107633,805774);
INSERT INTO tupa VALUES('2017-03-18 17:40:42',168946,498824);
INSERT INTO tupa VALUES('2017-03-18 17:40:43',107633,498824);
INSERT INTO tupa VALUES('2017-03-18 17:40:56',168946,498824);
INSERT INTO tupa VALUES('2017-03-18 17:40:59',107633,805774);
INSERT INTO tupa VALUES('2017-03-18 17:41:28',107633,805774);
INSERT INTO tupa VALUES('2017-03-18 17:42:17',107633,730129);
INSERT INTO tupa VALUES('2017-03-18 17:42:42',805541,179170);
INSERT INTO tupa VALUES('2017-03-18 17:42:52',107633,805774);
INSERT INTO tupa VALUES('2017-03-18 17:42:56',107633,730129);
INSERT INTO tupa VALUES('2017-03-18 17:43:04',107633,805774);
INSERT INTO tupa VALUES('2017-03-18 17:43:16',107633,730129);
INSERT INTO tupa VALUES('2017-03-18 17:44:29',107633,730129);
INSERT INTO tupa VALUES('2017-03-18 17:44:46',70583,730129);
INSERT INTO tupa VALUES('2017-03-18 17:46:23',561543,254485);
INSERT INTO tupa VALUES('2017-03-18 17:46:52',157681,946981);
INSERT INTO tupa VALUES('2017-03-18 17:47:48',409078,179170);
INSERT INTO tupa VALUES('2017-03-18 17:48:22',141900,198904);
INSERT INTO tupa VALUES('2017-03-18 17:50:21',561543,498824);
INSERT INTO tupa VALUES('2017-03-18 17:50:36',561543,498824);
INSERT INTO tupa VALUES('2017-03-18 17:50:37',107633,196215);
INSERT INTO tupa VALUES('2017-03-18 17:51:46',70583,179170);
INSERT INTO tupa VALUES('2017-03-18 17:52:14',985198,196215);
INSERT INTO tupa VALUES('2017-03-18 17:52:18',985198,196215);
INSERT INTO tupa VALUES('2017-03-18 17:53:21',107633,848530);
INSERT INTO tupa VALUES('2017-03-18 17:53:47',107633,848530);
INSERT INTO tupa VALUES('2017-03-18 17:54:05',501207,666263);
INSERT INTO tupa VALUES('2017-03-18 17:54:13',849643,114406);
INSERT INTO tupa VALUES('2017-03-18 17:54:17',107633,848530);
INSERT INTO tupa VALUES('2017-03-18 17:54:32',418872,848530);
INSERT INTO tupa VALUES('2017-03-18 17:54:47',381150,179170);
INSERT INTO tupa VALUES('2017-03-18 17:55:49',381150,730129);
INSERT INTO tupa VALUES('2017-03-18 17:56:49',935138,946981);
INSERT INTO tupa VALUES('2017-03-18 17:57:08',107633,805774);
INSERT INTO tupa VALUES('2017-03-18 17:57:19',107633,805774);
INSERT INTO tupa VALUES('2017-03-18 17:58:23',107633,805774);
INSERT INTO tupa VALUES('2017-03-18 17:59:08',451379,179170);
INSERT INTO tupa VALUES('2017-03-18 18:00:02',107633,805774);
INSERT INTO tupa VALUES('2017-03-18 18:00:31',107633,805774);
INSERT INTO tupa VALUES('2017-03-18 18:00:41',107633,545563);
INSERT INTO tupa VALUES('2017-03-18 18:01:17',399755,666263);
INSERT INTO tupa VALUES('2017-03-18 18:01:23',68242,805774);
INSERT INTO tupa VALUES('2017-03-18 18:01:48',112797,545563);
INSERT INTO tupa VALUES('2017-03-18 18:02:30',107633,730129);
INSERT INTO tupa VALUES('2017-03-18 18:02:34',950409,498824);
INSERT INTO tupa VALUES('2017-03-18 18:02:37',950409,498824);
INSERT INTO tupa VALUES('2017-03-18 18:02:38',381150,730129);
INSERT INTO tupa VALUES('2017-03-18 18:03:05',107633,730129);
INSERT INTO tupa VALUES('2017-03-18 18:03:38',451379,730129);
INSERT INTO tupa VALUES('2017-03-18 18:05:58',204030,179170);
INSERT INTO tupa VALUES('2017-03-18 18:06:05',107633,848530);
INSERT INTO tupa VALUES('2017-03-18 18:07:21',107633,848530);
INSERT INTO tupa VALUES('2017-03-18 18:07:37',663085,254485);
INSERT INTO tupa VALUES('2017-03-18 18:07:42',107633,848530);
INSERT INTO tupa VALUES('2017-03-18 18:07:52',107633,848530);
INSERT INTO tupa VALUES('2017-03-18 18:08:07',107633,848530);
INSERT INTO tupa VALUES('2017-03-18 18:08:29',107633,848530);
INSERT INTO tupa VALUES('2017-03-18 18:08:30',107633,848530);
INSERT INTO tupa VALUES('2017-03-18 18:08:44',452916,946981);
INSERT INTO tupa VALUES('2017-03-18 18:08:49',107633,848530);
INSERT INTO tupa VALUES('2017-03-18 18:08:52',107633,198904);
INSERT INTO tupa VALUES('2017-03-18 18:08:59',107633,848530);
INSERT INTO tupa VALUES('2017-03-18 18:09:17',107633,848530);
INSERT INTO tupa VALUES('2017-03-18 18:09:29',107633,848530);
INSERT INTO tupa VALUES('2017-03-18 18:09:38',107633,848530);
INSERT INTO tupa VALUES('2017-03-18 18:09:59',687183,498824);
INSERT INTO tupa VALUES('2017-03-18 18:10:02',687183,498824);
INSERT INTO tupa VALUES('2017-03-18 18:10:12',107633,848530);
INSERT INTO tupa VALUES('2017-03-18 18:10:27',107633,848530);
INSERT INTO tupa VALUES('2017-03-18 18:10:36',487666,198904);
INSERT INTO tupa VALUES('2017-03-18 18:10:57',107633,730129);
INSERT INTO tupa VALUES('2017-03-18 18:11:04',277412,730129);
INSERT INTO tupa VALUES('2017-03-18 18:11:27',107633,848530);
INSERT INTO tupa VALUES('2017-03-18 18:11:51',107633,848530);
INSERT INTO tupa VALUES('2017-03-18 18:12:19',277412,179170);
INSERT INTO tupa VALUES('2017-03-18 18:12:35',107633,848530);
INSERT INTO tupa VALUES('2017-03-18 18:13:12',107633,848530);
INSERT INTO tupa VALUES('2017-03-18 18:15:48',107633,196215);
INSERT INTO tupa VALUES('2017-03-18 18:17:10',972355,730129);
INSERT INTO tupa VALUES('2017-03-18 18:17:17',452916,805774);
INSERT INTO tupa VALUES('2017-03-18 18:17:22',107633,848530);
INSERT INTO tupa VALUES('2017-03-18 18:17:24',810855,666263);
INSERT INTO tupa VALUES('2017-03-18 18:17:46',107633,848530);
INSERT INTO tupa VALUES('2017-03-18 18:17:47',107633,848530);
INSERT INTO tupa VALUES('2017-03-18 18:18:09',107633,848530);
INSERT INTO tupa VALUES('2017-03-18 18:18:09',972355,179170);
INSERT INTO tupa VALUES('2017-03-18 18:18:16',963602,498824);
INSERT INTO tupa VALUES('2017-03-18 18:18:28',107633,848530);
INSERT INTO tupa VALUES('2017-03-18 18:18:29',963602,498824);
INSERT INTO tupa VALUES('2017-03-18 18:18:30',107633,848530);
INSERT INTO tupa VALUES('2017-03-18 18:18:32',107633,196215);
INSERT INTO tupa VALUES('2017-03-18 18:18:50',107633,848530);
INSERT INTO tupa VALUES('2017-03-18 18:19:05',107633,848530);
INSERT INTO tupa VALUES('2017-03-18 18:19:08',107633,848530);
INSERT INTO tupa VALUES('2017-03-18 18:19:27',107633,848530);
INSERT INTO tupa VALUES('2017-03-18 18:19:40',168946,848530);
INSERT INTO tupa VALUES('2017-03-18 18:21:38',867508,545563);
INSERT INTO tupa VALUES('2017-03-18 18:21:40',289498,198904);
INSERT INTO tupa VALUES('2017-03-18 18:21:53',990209,179170);
INSERT INTO tupa VALUES('2017-03-18 18:22:25',972355,730129);
INSERT INTO tupa VALUES('2017-03-18 18:22:54',990209,730129);
INSERT INTO tupa VALUES('2017-03-18 18:23:56',68242,196215);
INSERT INTO tupa VALUES('2017-03-18 18:25:02',68242,196215);
INSERT INTO tupa VALUES('2017-03-18 18:25:52',985198,498824);
INSERT INTO tupa VALUES('2017-03-18 18:25:55',985198,498824);
INSERT INTO tupa VALUES('2017-03-18 18:28:08',402636,198904);
INSERT INTO tupa VALUES('2017-03-18 18:29:30',935138,805774);
INSERT INTO tupa VALUES('2017-03-18 18:30:02',112797,254485);
INSERT INTO tupa VALUES('2017-03-18 18:30:56',204030,730129);
INSERT INTO tupa VALUES('2017-03-18 18:32:23',851732,498824);
INSERT INTO tupa VALUES('2017-03-18 18:32:27',851732,498824);
INSERT INTO tupa VALUES('2017-03-18 18:33:20',107633,946981);
INSERT INTO tupa VALUES('2017-03-18 18:34:50',107633,848530);
INSERT INTO tupa VALUES('2017-03-18 18:35:09',950409,848530);
INSERT INTO tupa VALUES('2017-03-18 18:35:14',107633,946981);
INSERT INTO tupa VALUES('2017-03-18 18:36:20',107633,946981);
INSERT INTO tupa VALUES('2017-03-18 18:37:46',687183,946981);
INSERT INTO tupa VALUES('2017-03-18 18:37:50',107633,730129);
INSERT INTO tupa VALUES('2017-03-18 18:38:17',107633,730129);
INSERT INTO tupa VALUES('2017-03-18 18:38:36',107633,730129);
INSERT INTO tupa VALUES('2017-03-18 18:39:14',107633,805774);
INSERT INTO tupa VALUES('2017-03-18 18:39:14',805541,730129);
INSERT INTO tupa VALUES('2017-03-18 18:39:28',687183,848530);
INSERT INTO tupa VALUES('2017-03-18 18:39:29',289498,179170);
INSERT INTO tupa VALUES('2017-03-18 18:39:43',849643,198904);
INSERT INTO tupa VALUES('2017-03-18 18:40:40',805426,114406);
INSERT INTO tupa VALUES('2017-03-18 18:41:38',207151,498824);
INSERT INTO tupa VALUES('2017-03-18 18:41:48',107633,498824);
INSERT INTO tupa VALUES('2017-03-18 18:41:56',157681,805774);
INSERT INTO tupa VALUES('2017-03-18 18:42:05',207151,498824);
INSERT INTO tupa VALUES('2017-03-18 18:44:16',107633,730129);
INSERT INTO tupa VALUES('2017-03-18 18:44:20',296628,730129);
INSERT INTO tupa VALUES('2017-03-18 18:44:32',950409,946981);
INSERT INTO tupa VALUES('2017-03-18 18:48:26',107633,848530);
INSERT INTO tupa VALUES('2017-03-18 18:48:47',107633,545563);
INSERT INTO tupa VALUES('2017-03-18 18:49:01',610865,498824);
INSERT INTO tupa VALUES('2017-03-18 18:49:02',107633,848530);
INSERT INTO tupa VALUES('2017-03-18 18:49:05',610865,498824);
INSERT INTO tupa VALUES('2017-03-18 18:49:09',107633,545563);
INSERT INTO tupa VALUES('2017-03-18 18:49:25',107633,848530);
INSERT INTO tupa VALUES('2017-03-18 18:49:43',985198,848530);
INSERT INTO tupa VALUES('2017-03-18 18:49:48',282269,545563);
INSERT INTO tupa VALUES('2017-03-18 18:50:18',107633,666263);
INSERT INTO tupa VALUES('2017-03-18 18:51:31',107633,666263);
INSERT INTO tupa VALUES('2017-03-18 18:51:40',675139,666263);
INSERT INTO tupa VALUES('2017-03-18 18:51:52',107633,196215);
INSERT INTO tupa VALUES('2017-03-18 18:52:13',458786,179170);
INSERT INTO tupa VALUES('2017-03-18 18:52:15',675139,666263);
INSERT INTO tupa VALUES('2017-03-18 18:52:29',467748,198904);
INSERT INTO tupa VALUES('2017-03-18 18:52:41',452916,196215);
INSERT INTO tupa VALUES('2017-03-18 18:53:00',452916,196215);
INSERT INTO tupa VALUES('2017-03-18 18:53:11',107633,946981);
INSERT INTO tupa VALUES('2017-03-18 18:53:31',107633,946981);
INSERT INTO tupa VALUES('2017-03-18 18:53:48',107633,946981);
INSERT INTO tupa VALUES('2017-03-18 18:53:50',963602,946981);
INSERT INTO tupa VALUES('2017-03-18 18:54:56',561543,545563);
INSERT INTO tupa VALUES('2017-03-18 18:57:02',851732,848530);
INSERT INTO tupa VALUES('2017-03-18 18:58:34',157681,114406);
INSERT INTO tupa VALUES('2017-03-18 18:59:25',203585,498824);
INSERT INTO tupa VALUES('2017-03-18 18:59:27',203585,498824);
INSERT INTO tupa VALUES('2017-03-18 19:03:29',107633,545563);
INSERT INTO tupa VALUES('2017-03-18 19:03:29',985198,946981);
INSERT INTO tupa VALUES('2017-03-18 19:03:33',950409,545563);
INSERT INTO tupa VALUES('2017-03-18 19:05:39',107633,730129);
INSERT INTO tupa VALUES('2017-03-18 19:05:51',458786,198904);
INSERT INTO tupa VALUES('2017-03-18 19:06:17',467748,179170);
INSERT INTO tupa VALUES('2017-03-18 19:06:49',675139,114406);
INSERT INTO tupa VALUES('2017-03-18 19:07:07',687183,545563);
INSERT INTO tupa VALUES('2017-03-18 19:08:46',851732,946981);
INSERT INTO tupa VALUES('2017-03-18 19:08:52',935138,196215);
INSERT INTO tupa VALUES('2017-03-18 19:09:12',935138,196215);
INSERT INTO tupa VALUES('2017-03-18 19:09:26',289498,730129);
INSERT INTO tupa VALUES('2017-03-18 19:12:10',190028,498824);
INSERT INTO tupa VALUES('2017-03-18 19:12:18',190028,498824);
INSERT INTO tupa VALUES('2017-03-18 19:16:37',207151,946981);
INSERT INTO tupa VALUES('2017-03-18 19:17:43',107633,730129);
INSERT INTO tupa VALUES('2017-03-18 19:18:20',458786,730129);
INSERT INTO tupa VALUES('2017-03-18 19:22:52',610865,946981);
INSERT INTO tupa VALUES('2017-03-18 19:22:56',107633,498824);
INSERT INTO tupa VALUES('2017-03-18 19:23:14',407948,179170);
INSERT INTO tupa VALUES('2017-03-18 19:23:22',449601,254485);
INSERT INTO tupa VALUES('2017-03-18 19:23:25',107633,498824);
INSERT INTO tupa VALUES('2017-03-18 19:24:03',464691,848530);
INSERT INTO tupa VALUES('2017-03-18 19:24:23',464691,498824);
INSERT INTO tupa VALUES('2017-03-18 19:24:40',107633,805774);
INSERT INTO tupa VALUES('2017-03-18 19:24:52',107633,805774);
INSERT INTO tupa VALUES('2017-03-18 19:25:05',698440,198904);
INSERT INTO tupa VALUES('2017-03-18 19:25:14',844817,805774);
INSERT INTO tupa VALUES('2017-03-18 19:28:45',157681,196215);
INSERT INTO tupa VALUES('2017-03-18 19:29:14',157681,196215);
INSERT INTO tupa VALUES('2017-03-18 19:33:24',805426,198904);
INSERT INTO tupa VALUES('2017-03-18 19:34:31',810855,805774);
INSERT INTO tupa VALUES('2017-03-18 19:35:11',157681,498824);
INSERT INTO tupa VALUES('2017-03-18 19:35:13',675139,848530);
INSERT INTO tupa VALUES('2017-03-18 19:36:12',399755,179170);
INSERT INTO tupa VALUES('2017-03-18 19:39:34',107633,545563);
INSERT INTO tupa VALUES('2017-03-18 19:39:57',107633,545563);
INSERT INTO tupa VALUES('2017-03-18 19:40:01',464691,946981);
INSERT INTO tupa VALUES('2017-03-18 19:40:21',452916,545563);
INSERT INTO tupa VALUES('2017-03-18 19:40:53',107633,196215);
INSERT INTO tupa VALUES('2017-03-18 19:41:02',675139,196215);
INSERT INTO tupa VALUES('2017-03-18 19:41:04',675139,196215);
INSERT INTO tupa VALUES('2017-03-18 19:42:23',157681,198904);
INSERT INTO tupa VALUES('2017-03-18 19:48:36',810855,179170);
INSERT INTO tupa VALUES('2017-03-18 19:48:47',675139,730129);
INSERT INTO tupa VALUES('2017-03-18 19:49:07',805426,498824);
INSERT INTO tupa VALUES('2017-03-18 19:49:08',805426,805774);
INSERT INTO tupa VALUES('2017-03-18 19:49:13',935138,545563);
INSERT INTO tupa VALUES('2017-03-18 19:49:28',675139,198904);
INSERT INTO tupa VALUES('2017-03-18 19:49:45',675139,946981);
INSERT INTO tupa VALUES('2017-03-18 19:52:32',675139,498824);
INSERT INTO tupa VALUES('2017-03-18 19:53:06',675139,805774);
INSERT INTO tupa VALUES('2017-03-18 19:54:59',157681,254485);
INSERT INTO tupa VALUES('2017-03-18 19:58:42',107633,179170);
INSERT INTO tupa VALUES('2017-03-18 19:58:57',844817,179170);
INSERT INTO tupa VALUES('2017-03-18 19:59:57',675139,545563);
INSERT INTO tupa VALUES('2017-03-18 20:04:07',675139,254485);
INSERT INTO tupa VALUES('2017-03-18 20:05:38',675139,179170);
INSERT INTO tupa VALUES('2017-03-18 20:31:18',107633,545563);
INSERT INTO tupa VALUES('2017-03-19 09:06:20',107633,904739);
COMMIT;
